feature,correlation,source
기준년월,4.738603788372546e-13,corr_output\1_회원정보
ID,0.0034758593521061,corr_output\1_회원정보
남녀구분코드,0.0422588092285531,corr_output\1_회원정보
연령,-0.0656108652229448,corr_output\1_회원정보
회원여부_이용가능,-0.0137016891345878,corr_output\1_회원정보
회원여부_이용가능_CA,-0.0135076180057757,corr_output\1_회원정보
회원여부_이용가능_카드론,0.0017834063961145,corr_output\1_회원정보
소지여부_신용,-0.0104909848669327,corr_output\1_회원정보
소지카드수_유효_신용,-0.1641626910818439,corr_output\1_회원정보
소지카드수_이용가능_신용,-0.1595729366786093,corr_output\1_회원정보
입회일자_신용,0.1982680485311377,corr_output\1_회원정보
입회경과개월수_신용,-0.1982165846020678,corr_output\1_회원정보
회원여부_연체,0.007367401712413,corr_output\1_회원정보
이용거절여부_카드론,0.0541684539272138,corr_output\1_회원정보
동의여부_한도증액안내,-0.0394220347731516,corr_output\1_회원정보
수신거부여부_TM,-0.0273225682580125,corr_output\1_회원정보
수신거부여부_DM,-0.0275794414396168,corr_output\1_회원정보
수신거부여부_메일,-0.0278895941285577,corr_output\1_회원정보
수신거부여부_SMS,-0.0320584341882015,corr_output\1_회원정보
가입통신회사코드,-0.0504593439157244,corr_output\1_회원정보
탈회횟수_누적,0.014944304680575,corr_output\1_회원정보
최종탈회후경과월,0.0043545540561925,corr_output\1_회원정보
탈회횟수_발급6개월이내,-0.0002724536860565,corr_output\1_회원정보
탈회횟수_발급1년이내,0.0162174240280041,corr_output\1_회원정보
거주시도명,0.0343917559461492,corr_output\1_회원정보
직장시도명,0.0244934736155456,corr_output\1_회원정보
마케팅동의여부,0.0231946370897619,corr_output\1_회원정보
유효카드수_신용체크,-0.1283075560137688,corr_output\1_회원정보
유효카드수_신용,-0.1357105710744969,corr_output\1_회원정보
유효카드수_신용_가족,-0.1051125198459071,corr_output\1_회원정보
유효카드수_체크,-0.0361031388754046,corr_output\1_회원정보
유효카드수_체크_가족,-0.0035662252407416,corr_output\1_회원정보
이용가능카드수_신용체크,-0.1306488920849884,corr_output\1_회원정보
이용가능카드수_신용,-0.137907888728959,corr_output\1_회원정보
이용가능카드수_신용_가족,-0.1051635235696069,corr_output\1_회원정보
이용가능카드수_체크,-0.0356737889685464,corr_output\1_회원정보
이용가능카드수_체크_가족,0.0001454743111823,corr_output\1_회원정보
이용카드수_신용체크,-0.134353750805196,corr_output\1_회원정보
이용카드수_신용,-0.1338887203973555,corr_output\1_회원정보
이용카드수_신용_가족,-0.1054570717009425,corr_output\1_회원정보
이용카드수_체크,-0.0233546066878994,corr_output\1_회원정보
이용카드수_체크_가족,,corr_output\1_회원정보
이용금액_R3M_신용체크,-0.3069002865748273,corr_output\1_회원정보
이용금액_R3M_신용,-0.2881705461597234,corr_output\1_회원정보
이용금액_R3M_신용_가족,-0.1328650188665357,corr_output\1_회원정보
이용금액_R3M_체크,-0.0506569190729489,corr_output\1_회원정보
이용금액_R3M_체크_가족,,corr_output\1_회원정보
_1순위카드이용금액,-0.3185141691277746,corr_output\1_회원정보
_1순위카드이용건수,-0.1078560153375636,corr_output\1_회원정보
_1순위신용체크구분,0.0282341446527766,corr_output\1_회원정보
_2순위카드이용금액,-0.1097507208166797,corr_output\1_회원정보
_2순위카드이용건수,-0.0780419654957342,corr_output\1_회원정보
_2순위신용체크구분,0.0153621105236411,corr_output\1_회원정보
최종유효년월_신용_이용가능,-0.0240220647884047,corr_output\1_회원정보
최종유효년월_신용_이용,-0.0284801806650904,corr_output\1_회원정보
최종카드발급일자,-0.0108650910735875,corr_output\1_회원정보
보유여부_해외겸용_본인,-0.064593150000387,corr_output\1_회원정보
이용가능여부_해외겸용_본인,-0.0650652984796352,corr_output\1_회원정보
이용여부_3M_해외겸용_본인,-0.0814242612082074,corr_output\1_회원정보
보유여부_해외겸용_신용_본인,-0.0895455108460239,corr_output\1_회원정보
이용가능여부_해외겸용_신용_본인,-0.0918955940055635,corr_output\1_회원정보
이용여부_3M_해외겸용_신용_본인,-0.0979130679540959,corr_output\1_회원정보
연회비발생카드수_B0M,-0.0179157120481241,corr_output\1_회원정보
연회비할인카드수_B0M,,corr_output\1_회원정보
기본연회비_B0M,0.0067370618089547,corr_output\1_회원정보
제휴연회비_B0M,-0.008353289227706,corr_output\1_회원정보
할인금액_기본연회비_B0M,,corr_output\1_회원정보
할인금액_제휴연회비_B0M,,corr_output\1_회원정보
청구금액_기본연회비_B0M,0.0067370618089547,corr_output\1_회원정보
청구금액_제휴연회비_B0M,-0.008353289227706,corr_output\1_회원정보
상품관련면제카드수_B0M,,corr_output\1_회원정보
임직원면제카드수_B0M,,corr_output\1_회원정보
우수회원면제카드수_B0M,,corr_output\1_회원정보
기타면제카드수_B0M,,corr_output\1_회원정보
카드신청건수,-0.0027730312771676,corr_output\1_회원정보
Life_Stage,-0.0526825206447987,corr_output\1_회원정보
최종카드발급경과월,0.0150417933249372,corr_output\1_회원정보
기준년월,4.738603788372546e-13,corr_output\2_신용정보
ID,0.0034758593521061,corr_output\2_신용정보
최초한도금액,-0.0918910684231335,corr_output\2_신용정보
카드이용한도금액,-0.2362562952607785,corr_output\2_신용정보
CA한도금액,-0.2291170789736743,corr_output\2_신용정보
일시상환론한도금액,-0.0648028239739273,corr_output\2_신용정보
월상환론한도금액,-0.0160766561364558,corr_output\2_신용정보
CA이자율_할인전,-0.069813259400158,corr_output\2_신용정보
CL이자율_할인전,-0.0195328637887438,corr_output\2_신용정보
RV일시불이자율_할인전,-0.0263465944027526,corr_output\2_신용정보
RV현금서비스이자율_할인전,-0.047782793411398,corr_output\2_신용정보
RV신청일자,0.0344697049976966,corr_output\2_신용정보
RV약정청구율,0.0335731390908233,corr_output\2_신용정보
RV최소결제비율,-0.0232310439666791,corr_output\2_신용정보
자발한도감액횟수_R12M,-0.0056232374814425,corr_output\2_신용정보
자발한도감액금액_R12M,-0.0050816994726224,corr_output\2_신용정보
자발한도감액후경과월,-0.0010894307550024,corr_output\2_신용정보
강제한도감액횟수_R12M,-0.0247881105669997,corr_output\2_신용정보
강제한도감액금액_R12M,-0.031502002523686,corr_output\2_신용정보
강제한도감액후경과월,-0.0024104932209087,corr_output\2_신용정보
한도증액횟수_R12M,0.0201181653472255,corr_output\2_신용정보
한도증액금액_R12M,-0.0119896904777345,corr_output\2_신용정보
한도증액후경과월,-0.0162929620198198,corr_output\2_신용정보
상향가능한도금액,0.0174111426321448,corr_output\2_신용정보
상향가능CA한도금액,0.0008704552344999,corr_output\2_신용정보
카드론동의여부,-0.0541684539272138,corr_output\2_신용정보
월상환론상향가능한도금액,0.0485648262365782,corr_output\2_신용정보
RV전환가능여부,0.0358499369212974,corr_output\2_신용정보
일시불ONLY전환가능여부,0.0368021508048585,corr_output\2_신용정보
카드이용한도금액_B1M,-0.2389964558485999,corr_output\2_신용정보
카드이용한도금액_B2M,-0.2380988824893554,corr_output\2_신용정보
특별한도보유여부_R3M,0.0015160879028413,corr_output\2_신용정보
연체감액여부_R3M,0.0150762125588988,corr_output\2_신용정보
한도심사요청건수,-0.0025937946931703,corr_output\2_신용정보
한도요청거절건수,-0.003225758571655,corr_output\2_신용정보
한도심사요청후경과월,0.0017465496014832,corr_output\2_신용정보
한도심사거절후경과월,0.0031936601870379,corr_output\2_신용정보
시장단기연체여부_R6M,0.0019572651711208,corr_output\2_신용정보
시장단기연체여부_R3M,0.0008753119231289,corr_output\2_신용정보
시장연체상환여부_R6M,,corr_output\2_신용정보
시장연체상환여부_R3M,,corr_output\2_신용정보
rv최초시작후경과일,-0.0345285198558861,corr_output\2_신용정보
기준년월,4.738603788372546e-13,corr_output\3_승인매출정보
ID,0.0034758593521061,corr_output\3_승인매출정보
최종이용일자_기본,-0.0123942291467533,corr_output\3_승인매출정보
최종이용일자_신판,-0.0125560957218467,corr_output\3_승인매출정보
최종이용일자_CA,-0.0861699411174199,corr_output\3_승인매출정보
최종이용일자_카드론,-0.0513054353492106,corr_output\3_승인매출정보
최종이용일자_체크,-0.0193963648032211,corr_output\3_승인매출정보
최종이용일자_일시불,-0.0126308100755872,corr_output\3_승인매출정보
최종이용일자_할부,-0.0253930954423501,corr_output\3_승인매출정보
이용건수_신용_B0M,-0.1606878910210143,corr_output\3_승인매출정보
이용건수_신판_B0M,-0.1569649776119682,corr_output\3_승인매출정보
이용건수_일시불_B0M,-0.1554061071550256,corr_output\3_승인매출정보
이용건수_할부_B0M,-0.0718902102554967,corr_output\3_승인매출정보
이용건수_할부_유이자_B0M,0.0107852274374118,corr_output\3_승인매출정보
이용건수_할부_무이자_B0M,-0.0913702955644035,corr_output\3_승인매출정보
이용건수_부분무이자_B0M,,corr_output\3_승인매출정보
이용건수_CA_B0M,-0.1134063083703723,corr_output\3_승인매출정보
이용건수_체크_B0M,-0.0288220979444484,corr_output\3_승인매출정보
이용건수_카드론_B0M,0.00019920007417,corr_output\3_승인매출정보
이용금액_일시불_B0M,-0.3031034207513594,corr_output\3_승인매출정보
이용금액_할부_B0M,-0.0818451943979316,corr_output\3_승인매출정보
이용금액_할부_유이자_B0M,0.0095302367738401,corr_output\3_승인매출정보
이용금액_할부_무이자_B0M,-0.1102716819211319,corr_output\3_승인매출정보
이용금액_부분무이자_B0M,,corr_output\3_승인매출정보
이용금액_CA_B0M,-0.1612404030972519,corr_output\3_승인매출정보
이용금액_체크_B0M,-0.0369657348267866,corr_output\3_승인매출정보
이용금액_카드론_B0M,-0.0003534189803688,corr_output\3_승인매출정보
이용후경과월_신용,0.0252876906333449,corr_output\3_승인매출정보
이용후경과월_신판,0.0063399702881208,corr_output\3_승인매출정보
이용후경과월_일시불,0.0322858815605568,corr_output\3_승인매출정보
이용후경과월_할부,0.0319728552785842,corr_output\3_승인매출정보
이용후경과월_할부_유이자,-0.0262825809958022,corr_output\3_승인매출정보
이용후경과월_할부_무이자,0.0427176025899583,corr_output\3_승인매출정보
이용후경과월_부분무이자,0.0028175191348149,corr_output\3_승인매출정보
이용후경과월_CA,0.1038883829625502,corr_output\3_승인매출정보
이용후경과월_체크,0.0074914832038487,corr_output\3_승인매출정보
이용후경과월_카드론,0.0053933026078611,corr_output\3_승인매출정보
이용건수_신용_R12M,-0.1648966979107791,corr_output\3_승인매출정보
이용건수_신판_R12M,-0.1610518841984587,corr_output\3_승인매출정보
이용건수_일시불_R12M,-0.1588614266365631,corr_output\3_승인매출정보
이용건수_할부_R12M,-0.0759085421834249,corr_output\3_승인매출정보
이용건수_할부_유이자_R12M,0.0074002738766683,corr_output\3_승인매출정보
이용건수_할부_무이자_R12M,-0.0929086095256869,corr_output\3_승인매출정보
이용건수_부분무이자_R12M,-0.0013827773100366,corr_output\3_승인매출정보
이용건수_CA_R12M,-0.1398907247960777,corr_output\3_승인매출정보
이용건수_체크_R12M,-0.0256663949125791,corr_output\3_승인매출정보
이용건수_카드론_R12M,-0.0047214804413624,corr_output\3_승인매출정보
이용금액_일시불_R12M,-0.326400840719348,corr_output\3_승인매출정보
이용금액_할부_R12M,-0.1407302733200338,corr_output\3_승인매출정보
이용금액_할부_유이자_R12M,-0.0071787808258339,corr_output\3_승인매출정보
이용금액_할부_무이자_R12M,-0.1638557406140646,corr_output\3_승인매출정보
이용금액_부분무이자_R12M,-0.0032908520877405,corr_output\3_승인매출정보
이용금액_CA_R12M,-0.1969114302455024,corr_output\3_승인매출정보
이용금액_체크_R12M,-0.0231331182394251,corr_output\3_승인매출정보
이용금액_카드론_R12M,0.0045220013218909,corr_output\3_승인매출정보
최대이용금액_일시불_R12M,-0.2865790122110227,corr_output\3_승인매출정보
최대이용금액_할부_R12M,-0.1622559047729152,corr_output\3_승인매출정보
최대이용금액_할부_유이자_R12M,-0.0366030314883973,corr_output\3_승인매출정보
최대이용금액_할부_무이자_R12M,-0.1712313927591098,corr_output\3_승인매출정보
최대이용금액_부분무이자_R12M,-0.0042300115290595,corr_output\3_승인매출정보
최대이용금액_CA_R12M,-0.197369606501317,corr_output\3_승인매출정보
최대이용금액_체크_R12M,-0.0513685975494753,corr_output\3_승인매출정보
최대이용금액_카드론_R12M,0.0042288826773747,corr_output\3_승인매출정보
이용개월수_신용_R12M,-0.0428328408245285,corr_output\3_승인매출정보
이용개월수_신판_R12M,-0.0319434753686648,corr_output\3_승인매출정보
이용개월수_일시불_R12M,-0.0307485435281158,corr_output\3_승인매출정보
이용개월수_할부_R12M,-0.0524251590932016,corr_output\3_승인매출정보
이용개월수_할부_유이자_R12M,0.0248290785497318,corr_output\3_승인매출정보
이용개월수_할부_무이자_R12M,-0.0688792433318744,corr_output\3_승인매출정보
이용개월수_부분무이자_R12M,-0.0032390658103797,corr_output\3_승인매출정보
이용개월수_CA_R12M,-0.1269082418516207,corr_output\3_승인매출정보
이용개월수_체크_R12M,-0.0077920168131773,corr_output\3_승인매출정보
이용개월수_카드론_R12M,-0.0022251631277516,corr_output\3_승인매출정보
이용건수_신용_R6M,-0.1564100398095278,corr_output\3_승인매출정보
이용건수_신판_R6M,-0.1528965374065762,corr_output\3_승인매출정보
이용건수_일시불_R6M,-0.151189756358088,corr_output\3_승인매출정보
이용건수_할부_R6M,-0.0726169952573125,corr_output\3_승인매출정보
이용건수_할부_유이자_R6M,0.016079107090082,corr_output\3_승인매출정보
이용건수_할부_무이자_R6M,-0.0897078254286477,corr_output\3_승인매출정보
이용건수_부분무이자_R6M,0.0017938816302354,corr_output\3_승인매출정보
이용건수_CA_R6M,-0.1268115267702727,corr_output\3_승인매출정보
이용건수_체크_R6M,-0.0293803708901034,corr_output\3_승인매출정보
이용건수_카드론_R6M,-0.0031011807873858,corr_output\3_승인매출정보
이용금액_일시불_R6M,-0.2938967977062222,corr_output\3_승인매출정보
이용금액_할부_R6M,-0.1099437711663111,corr_output\3_승인매출정보
이용금액_할부_유이자_R6M,-0.0020884945208918,corr_output\3_승인매출정보
이용금액_할부_무이자_R6M,-0.1395821429551222,corr_output\3_승인매출정보
이용금액_부분무이자_R6M,-0.0002284763206018,corr_output\3_승인매출정보
이용금액_CA_R6M,-0.1799070346317587,corr_output\3_승인매출정보
이용금액_체크_R6M,-0.03735984357933,corr_output\3_승인매출정보
이용금액_카드론_R6M,-0.0017940241719332,corr_output\3_승인매출정보
이용개월수_신용_R6M,-0.04021590272043,corr_output\3_승인매출정보
이용개월수_신판_R6M,-0.0264876086362775,corr_output\3_승인매출정보
이용개월수_일시불_R6M,-0.0259624483816377,corr_output\3_승인매출정보
이용개월수_할부_R6M,-0.0561559495815853,corr_output\3_승인매출정보
이용개월수_할부_유이자_R6M,0.0204001050394142,corr_output\3_승인매출정보
이용개월수_할부_무이자_R6M,-0.069902015150831,corr_output\3_승인매출정보
이용개월수_부분무이자_R6M,0.0002294396136899,corr_output\3_승인매출정보
이용개월수_CA_R6M,-0.1204609881499603,corr_output\3_승인매출정보
이용개월수_체크_R6M,-0.0084037387539174,corr_output\3_승인매출정보
이용개월수_카드론_R6M,-0.0037842653929812,corr_output\3_승인매출정보
이용건수_신용_R3M,-0.1583845658450206,corr_output\3_승인매출정보
이용건수_신판_R3M,-0.1548375961257114,corr_output\3_승인매출정보
이용건수_일시불_R3M,-0.1534022481181075,corr_output\3_승인매출정보
이용건수_할부_R3M,-0.0700492589732254,corr_output\3_승인매출정보
이용건수_할부_유이자_R3M,0.0129115828517612,corr_output\3_승인매출정보
이용건수_할부_무이자_R3M,-0.0899683150664107,corr_output\3_승인매출정보
이용건수_부분무이자_R3M,0.0024173235256862,corr_output\3_승인매출정보
이용건수_CA_R3M,-0.1188704804633638,corr_output\3_승인매출정보
이용건수_체크_R3M,-0.0292297839648463,corr_output\3_승인매출정보
이용건수_카드론_R3M,-0.0006543486196162,corr_output\3_승인매출정보
이용금액_일시불_R3M,-0.2941937529920697,corr_output\3_승인매출정보
이용금액_할부_R3M,-0.0904744858993735,corr_output\3_승인매출정보
이용금액_할부_유이자_R3M,0.0062450182440396,corr_output\3_승인매출정보
이용금액_할부_무이자_R3M,-0.120108852537946,corr_output\3_승인매출정보
이용금액_부분무이자_R3M,-0.0017336176776802,corr_output\3_승인매출정보
이용금액_CA_R3M,-0.1678322242577079,corr_output\3_승인매출정보
이용금액_체크_R3M,-0.0375227031976057,corr_output\3_승인매출정보
이용금액_카드론_R3M,-0.0009538512751051,corr_output\3_승인매출정보
이용개월수_신용_R3M,-0.0388246142509598,corr_output\3_승인매출정보
이용개월수_신판_R3M,-0.0262759788000021,corr_output\3_승인매출정보
이용개월수_일시불_R3M,-0.0256395870087272,corr_output\3_승인매출정보
이용개월수_할부_R3M,-0.0565534886909662,corr_output\3_승인매출정보
이용개월수_할부_유이자_R3M,0.0169917990152216,corr_output\3_승인매출정보
이용개월수_할부_무이자_R3M,-0.0737991067360608,corr_output\3_승인매출정보
이용개월수_부분무이자_R3M,0.0032699481434631,corr_output\3_승인매출정보
이용개월수_CA_R3M,-0.1169239869056549,corr_output\3_승인매출정보
이용개월수_체크_R3M,-0.0083243806843807,corr_output\3_승인매출정보
이용개월수_카드론_R3M,-0.0008303897637717,corr_output\3_승인매출정보
이용가맹점수,-0.1620237954303985,corr_output\3_승인매출정보
이용금액_해외,-0.1675997614453266,corr_output\3_승인매출정보
쇼핑_도소매_이용금액,-0.2635246646575589,corr_output\3_승인매출정보
쇼핑_백화점_이용금액,-0.1585526468167086,corr_output\3_승인매출정보
쇼핑_마트_이용금액,-0.1726112034025455,corr_output\3_승인매출정보
쇼핑_슈퍼마켓_이용금액,-0.1514498230048274,corr_output\3_승인매출정보
쇼핑_편의점_이용금액,-0.0905235341283418,corr_output\3_승인매출정보
쇼핑_아울렛_이용금액,-0.0692453591396617,corr_output\3_승인매출정보
쇼핑_온라인_이용금액,-0.1531962719861676,corr_output\3_승인매출정보
쇼핑_기타_이용금액,-0.1119177066993253,corr_output\3_승인매출정보
교통_주유이용금액,-0.1436470324680777,corr_output\3_승인매출정보
교통_정비이용금액,-0.1657086177217802,corr_output\3_승인매출정보
교통_통행료이용금액,-0.0059466154959146,corr_output\3_승인매출정보
교통_버스지하철이용금액,-0.0138055741011997,corr_output\3_승인매출정보
교통_택시이용금액,-0.0831717027018984,corr_output\3_승인매출정보
교통_철도버스이용금액,-0.0687323450381243,corr_output\3_승인매출정보
여유_운동이용금액,-0.1361366761685689,corr_output\3_승인매출정보
여유_Pet이용금액,-0.0435083224249926,corr_output\3_승인매출정보
여유_공연이용금액,-0.0604336809314402,corr_output\3_승인매출정보
여유_공원이용금액,-0.0420085441929444,corr_output\3_승인매출정보
여유_숙박이용금액,-0.1182483058055254,corr_output\3_승인매출정보
여유_여행이용금액,,corr_output\3_승인매출정보
여유_항공이용금액,-0.0613038376144772,corr_output\3_승인매출정보
여유_기타이용금액,-0.0447083408689153,corr_output\3_승인매출정보
납부_통신비이용금액,-0.0441606818919689,corr_output\3_승인매출정보
납부_관리비이용금액,-0.0213676912943987,corr_output\3_승인매출정보
납부_렌탈료이용금액,,corr_output\3_승인매출정보
납부_가스전기료이용금액,-0.0107414677498882,corr_output\3_승인매출정보
납부_보험료이용금액,-0.059696286797727,corr_output\3_승인매출정보
납부_유선방송이용금액,,corr_output\3_승인매출정보
납부_건강연금이용금액,,corr_output\3_승인매출정보
납부_기타이용금액,-0.1753430647356007,corr_output\3_승인매출정보
_1순위업종,-0.0577714867024274,corr_output\3_승인매출정보
_1순위업종_이용금액,-0.2223526366648142,corr_output\3_승인매출정보
_2순위업종,-0.0435020514262942,corr_output\3_승인매출정보
_2순위업종_이용금액,-0.2369635740403142,corr_output\3_승인매출정보
_3순위업종,-0.0445444273836055,corr_output\3_승인매출정보
_3순위업종_이용금액,-0.2445048662672135,corr_output\3_승인매출정보
_1순위쇼핑업종,-0.0329346698192674,corr_output\3_승인매출정보
_1순위쇼핑업종_이용금액,-0.1635145515445279,corr_output\3_승인매출정보
_2순위쇼핑업종,0.039364182103037,corr_output\3_승인매출정보
_2순위쇼핑업종_이용금액,-0.2443940304433248,corr_output\3_승인매출정보
_3순위쇼핑업종,-0.0009852944206216,corr_output\3_승인매출정보
_3순위쇼핑업종_이용금액,-0.2154197055531825,corr_output\3_승인매출정보
_1순위교통업종,-0.0623645662156533,corr_output\3_승인매출정보
_1순위교통업종_이용금액,-0.1444242015026637,corr_output\3_승인매출정보
_2순위교통업종,-0.0242944935462738,corr_output\3_승인매출정보
_2순위교통업종_이용금액,-0.1227613391423039,corr_output\3_승인매출정보
_3순위교통업종,-0.0777968379043305,corr_output\3_승인매출정보
_3순위교통업종_이용금액,-0.1375522277858357,corr_output\3_승인매출정보
_1순위여유업종,-0.1039548479787512,corr_output\3_승인매출정보
_1순위여유업종_이용금액,-0.1585830992325613,corr_output\3_승인매출정보
_2순위여유업종,-0.0983365721899448,corr_output\3_승인매출정보
_2순위여유업종_이용금액,-0.1290620694925064,corr_output\3_승인매출정보
_3순위여유업종,-0.0760081294569117,corr_output\3_승인매출정보
_3순위여유업종_이용금액,-0.0909058356950597,corr_output\3_승인매출정보
_1순위납부업종,-0.0263284188419591,corr_output\3_승인매출정보
_1순위납부업종_이용금액,-0.0605541901756738,corr_output\3_승인매출정보
_2순위납부업종,-0.0627121144779269,corr_output\3_승인매출정보
_2순위납부업종_이용금액,-0.0693581926096043,corr_output\3_승인매출정보
_3순위납부업종,-0.058730489939991,corr_output\3_승인매출정보
_3순위납부업종_이용금액,-0.0585217986250768,corr_output\3_승인매출정보
할부건수_3M_R12M,-0.0803990358501356,corr_output\3_승인매출정보
할부건수_6M_R12M,-0.0472655603307821,corr_output\3_승인매출정보
할부건수_12M_R12M,-0.0163467980029784,corr_output\3_승인매출정보
할부건수_14M_R12M,-0.0040650073337176,corr_output\3_승인매출정보
할부금액_3M_R12M,-0.1480198496923269,corr_output\3_승인매출정보
할부금액_6M_R12M,-0.089017805748973,corr_output\3_승인매출정보
할부금액_12M_R12M,-0.020626712381773,corr_output\3_승인매출정보
할부금액_14M_R12M,-0.0028510746389334,corr_output\3_승인매출정보
할부건수_유이자_3M_R12M,0.0197778604550934,corr_output\3_승인매출정보
할부건수_유이자_6M_R12M,-0.0207625331535316,corr_output\3_승인매출정보
할부건수_유이자_12M_R12M,-0.0056778023525357,corr_output\3_승인매출정보
할부건수_유이자_14M_R12M,-0.0040650073337176,corr_output\3_승인매출정보
할부금액_유이자_3M_R12M,0.0161786122300911,corr_output\3_승인매출정보
할부금액_유이자_6M_R12M,-0.0343045534127064,corr_output\3_승인매출정보
할부금액_유이자_12M_R12M,-0.0139054117774645,corr_output\3_승인매출정보
할부금액_유이자_14M_R12M,-0.0051930348444209,corr_output\3_승인매출정보
할부건수_무이자_3M_R12M,-0.1027659286132507,corr_output\3_승인매출정보
할부건수_무이자_6M_R12M,-0.0467855098854285,corr_output\3_승인매출정보
할부건수_무이자_12M_R12M,-0.0189545751708204,corr_output\3_승인매출정보
할부건수_무이자_14M_R12M,,corr_output\3_승인매출정보
할부금액_무이자_3M_R12M,-0.1712400250860666,corr_output\3_승인매출정보
할부금액_무이자_6M_R12M,-0.0899044923935661,corr_output\3_승인매출정보
할부금액_무이자_12M_R12M,-0.0292205166986644,corr_output\3_승인매출정보
할부금액_무이자_14M_R12M,0.0028286863870639,corr_output\3_승인매출정보
할부건수_부분_3M_R12M,,corr_output\3_승인매출정보
할부건수_부분_6M_R12M,,corr_output\3_승인매출정보
할부건수_부분_12M_R12M,-0.0013827773100366,corr_output\3_승인매출정보
할부건수_부분_14M_R12M,,corr_output\3_승인매출정보
할부금액_부분_3M_R12M,,corr_output\3_승인매출정보
할부금액_부분_6M_R12M,0.0008753119231289,corr_output\3_승인매출정보
할부금액_부분_12M_R12M,-0.0033083236447885,corr_output\3_승인매출정보
할부금액_부분_14M_R12M,0.0002062395815633,corr_output\3_승인매출정보
RP건수_B0M,-0.0359407033035014,corr_output\3_승인매출정보
RP금액_B0M,-0.0388179090437836,corr_output\3_승인매출정보
RP유형건수_B0M,-0.0249246992767636,corr_output\3_승인매출정보
RP건수_통신_B0M,-0.0285761951572483,corr_output\3_승인매출정보
RP건수_아파트_B0M,-0.0202831976204697,corr_output\3_승인매출정보
RP건수_제휴사서비스직접판매_B0M,0.0088096378004079,corr_output\3_승인매출정보
RP건수_렌탈_B0M,-0.0015739088628451,corr_output\3_승인매출정보
RP건수_가스_B0M,-0.0063289920522723,corr_output\3_승인매출정보
RP건수_전기_B0M,0.0030795265516393,corr_output\3_승인매출정보
RP건수_보험_B0M,-0.0082633309669047,corr_output\3_승인매출정보
RP건수_학습비_B0M,-0.0070315647711068,corr_output\3_승인매출정보
RP건수_유선방송_B0M,,corr_output\3_승인매출정보
RP건수_건강_B0M,,corr_output\3_승인매출정보
RP건수_교통_B0M,-0.0269771135378398,corr_output\3_승인매출정보
RP후경과월,0.0005134521907938,corr_output\3_승인매출정보
RP후경과월_통신,0.0114670244247809,corr_output\3_승인매출정보
RP후경과월_아파트,0.0201988630712786,corr_output\3_승인매출정보
RP후경과월_제휴사서비스직접판매,-0.0090827665350731,corr_output\3_승인매출정보
RP후경과월_렌탈,0.0056297960393324,corr_output\3_승인매출정보
RP후경과월_가스,0.0090508659380479,corr_output\3_승인매출정보
RP후경과월_전기,-0.0014293536074005,corr_output\3_승인매출정보
RP후경과월_보험,0.0119488011481953,corr_output\3_승인매출정보
RP후경과월_학습비,0.0068844333586181,corr_output\3_승인매출정보
RP후경과월_유선방송,,corr_output\3_승인매출정보
RP후경과월_건강,,corr_output\3_승인매출정보
RP후경과월_교통,0.0330997355844475,corr_output\3_승인매출정보
증감_RP건수_전월,-0.0017551948222028,corr_output\3_승인매출정보
증감_RP유형건수_전월,-0.0024574668565692,corr_output\3_승인매출정보
증감_RP건수_통신_전월,-0.0006222015687595,corr_output\3_승인매출정보
증감_RP건수_아파트_전월,0.0010590688665837,corr_output\3_승인매출정보
증감_RP건수_제휴사서비스직접판매_전월,-0.0005433673571975,corr_output\3_승인매출정보
증감_RP건수_렌탈_전월,-0.001001168390146,corr_output\3_승인매출정보
증감_RP건수_가스_전월,-0.0018326444726094,corr_output\3_승인매출정보
증감_RP건수_전기_전월,-0.0006293707487,corr_output\3_승인매출정보
증감_RP건수_보험_전월,-0.0011449080225775,corr_output\3_승인매출정보
증감_RP건수_학습비_전월,-0.0011695233148289,corr_output\3_승인매출정보
증감_RP건수_유선방송_전월,,corr_output\3_승인매출정보
증감_RP건수_건강_전월,,corr_output\3_승인매출정보
증감_RP건수_교통_전월,-0.0011565447396834,corr_output\3_승인매출정보
최초카드론이용경과월,0.0573862311595254,corr_output\3_승인매출정보
최종카드론이용경과월,0.0509606862925416,corr_output\3_승인매출정보
카드론이용건수_누적,-0.0926542449189606,corr_output\3_승인매출정보
카드론이용월수_누적,-0.0942663436312113,corr_output\3_승인매출정보
카드론이용금액_누적,-0.0616566039069325,corr_output\3_승인매출정보
최종카드론_금융상환방식코드,-0.0470159010128232,corr_output\3_승인매출정보
최종카드론_신청경로코드,-0.0497704743085102,corr_output\3_승인매출정보
최종카드론_대출이율,-0.0693443782346547,corr_output\3_승인매출정보
최종카드론_대출일자,-0.0513054424977664,corr_output\3_승인매출정보
최종카드론_대출월수,-0.0389348340310549,corr_output\3_승인매출정보
최종카드론_거치개월수,-0.003538755918049,corr_output\3_승인매출정보
최종카드론_대출금액,-0.0423672704914855,corr_output\3_승인매출정보
이용개월수_온라인_R6M,-0.0762847147299632,corr_output\3_승인매출정보
이용개월수_오프라인_R6M,-0.0353309781383507,corr_output\3_승인매출정보
이용금액_온라인_R6M,-0.1452828880914822,corr_output\3_승인매출정보
이용금액_오프라인_R6M,-0.277598516956777,corr_output\3_승인매출정보
이용건수_온라인_R6M,-0.1239274696510228,corr_output\3_승인매출정보
이용건수_오프라인_R6M,-0.1775582365728269,corr_output\3_승인매출정보
이용금액_온라인_R3M,-0.1464123156983084,corr_output\3_승인매출정보
이용금액_오프라인_R3M,-0.2463110379808355,corr_output\3_승인매출정보
이용건수_온라인_R3M,-0.1218501576788614,corr_output\3_승인매출정보
이용건수_오프라인_R3M,-0.1763297430324434,corr_output\3_승인매출정보
이용금액_온라인_B0M,-0.1597102828383628,corr_output\3_승인매출정보
이용금액_오프라인_B0M,-0.2314385023699976,corr_output\3_승인매출정보
이용건수_온라인_B0M,-0.1198632198731614,corr_output\3_승인매출정보
이용건수_오프라인_B0M,-0.1801805559122417,corr_output\3_승인매출정보
이용개월수_페이_온라인_R6M,-0.0516632051977492,corr_output\3_승인매출정보
이용개월수_페이_오프라인_R6M,-0.016096395866802,corr_output\3_승인매출정보
이용금액_페이_온라인_R6M,-0.1405627326133061,corr_output\3_승인매출정보
이용금액_페이_오프라인_R6M,-0.0297044186040705,corr_output\3_승인매출정보
이용건수_페이_온라인_R6M,-0.0755297099360216,corr_output\3_승인매출정보
이용건수_페이_오프라인_R6M,-0.0164748721126768,corr_output\3_승인매출정보
이용금액_페이_온라인_R3M,-0.1369219629645087,corr_output\3_승인매출정보
이용금액_페이_오프라인_R3M,-0.0284084150586261,corr_output\3_승인매출정보
이용건수_페이_온라인_R3M,-0.0747979553461537,corr_output\3_승인매출정보
이용건수_페이_오프라인_R3M,-0.0167233471572018,corr_output\3_승인매출정보
이용금액_페이_온라인_B0M,-0.1417746128316508,corr_output\3_승인매출정보
이용금액_페이_오프라인_B0M,-0.028329740915382,corr_output\3_승인매출정보
이용건수_페이_온라인_B0M,-0.0759642251853972,corr_output\3_승인매출정보
이용건수_페이_오프라인_B0M,-0.0158329458237319,corr_output\3_승인매출정보
이용개월수_간편결제_R6M,-0.046827650074898,corr_output\3_승인매출정보
이용개월수_당사페이_R6M,,corr_output\3_승인매출정보
이용개월수_당사기타_R6M,-0.0164373664118876,corr_output\3_승인매출정보
이용개월수_A페이_R6M,-0.0153771533994361,corr_output\3_승인매출정보
이용개월수_B페이_R6M,-0.0154260517679645,corr_output\3_승인매출정보
이용개월수_C페이_R6M,-0.0274742441271708,corr_output\3_승인매출정보
이용개월수_D페이_R6M,-0.0025331661654537,corr_output\3_승인매출정보
이용금액_간편결제_R6M,-0.1242000279041559,corr_output\3_승인매출정보
이용금액_당사페이_R6M,,corr_output\3_승인매출정보
이용금액_당사기타_R6M,,corr_output\3_승인매출정보
이용금액_A페이_R6M,-0.0300044208542978,corr_output\3_승인매출정보
이용금액_B페이_R6M,-0.018623203196402,corr_output\3_승인매출정보
이용금액_C페이_R6M,-0.033145181857548,corr_output\3_승인매출정보
이용금액_D페이_R6M,-0.0045324336088748,corr_output\3_승인매출정보
이용건수_간편결제_R6M,-0.0722658968355929,corr_output\3_승인매출정보
이용건수_당사페이_R6M,,corr_output\3_승인매출정보
이용건수_당사기타_R6M,,corr_output\3_승인매출정보
이용건수_A페이_R6M,-0.0196139029483185,corr_output\3_승인매출정보
이용건수_B페이_R6M,-0.0184219567508781,corr_output\3_승인매출정보
이용건수_C페이_R6M,-0.0293476790277758,corr_output\3_승인매출정보
이용건수_D페이_R6M,-0.0002029292340603,corr_output\3_승인매출정보
이용금액_간편결제_R3M,-0.123411276612862,corr_output\3_승인매출정보
이용금액_당사페이_R3M,,corr_output\3_승인매출정보
이용금액_당사기타_R3M,,corr_output\3_승인매출정보
이용금액_A페이_R3M,-0.0302763283971567,corr_output\3_승인매출정보
이용금액_B페이_R3M,-0.0212346502125012,corr_output\3_승인매출정보
이용금액_C페이_R3M,-0.0356625263640886,corr_output\3_승인매출정보
이용금액_D페이_R3M,-0.0001038562480733,corr_output\3_승인매출정보
이용건수_간편결제_R3M,-0.071572871303705,corr_output\3_승인매출정보
이용건수_당사페이_R3M,,corr_output\3_승인매출정보
이용건수_당사기타_R3M,,corr_output\3_승인매출정보
이용건수_A페이_R3M,-0.0166403124679489,corr_output\3_승인매출정보
이용건수_B페이_R3M,-0.0227348423369727,corr_output\3_승인매출정보
이용건수_C페이_R3M,-0.0339929820822912,corr_output\3_승인매출정보
이용건수_D페이_R3M,0.0016127691047239,corr_output\3_승인매출정보
이용금액_간편결제_B0M,-0.131686949152523,corr_output\3_승인매출정보
이용금액_당사페이_B0M,,corr_output\3_승인매출정보
이용금액_당사기타_B0M,,corr_output\3_승인매출정보
이용금액_A페이_B0M,-0.0300897430607029,corr_output\3_승인매출정보
이용금액_B페이_B0M,-0.0221704184998564,corr_output\3_승인매출정보
이용금액_C페이_B0M,-0.0377609827025489,corr_output\3_승인매출정보
이용금액_D페이_B0M,0.0033688349507982,corr_output\3_승인매출정보
이용건수_간편결제_B0M,-0.070352853683545,corr_output\3_승인매출정보
이용건수_당사페이_B0M,,corr_output\3_승인매출정보
이용건수_당사기타_B0M,,corr_output\3_승인매출정보
이용건수_A페이_B0M,-0.0140949808602893,corr_output\3_승인매출정보
이용건수_B페이_B0M,-0.0222467109309288,corr_output\3_승인매출정보
이용건수_C페이_B0M,-0.0361330812637462,corr_output\3_승인매출정보
이용건수_D페이_B0M,0.0041164676298735,corr_output\3_승인매출정보
이용개월수_선결제_R6M,-0.0203836105181242,corr_output\3_승인매출정보
이용횟수_선결제_R6M,-0.0274334713051252,corr_output\3_승인매출정보
이용금액_선결제_R6M,-0.040785630983536,corr_output\3_승인매출정보
이용건수_선결제_R6M,-0.0191146084513721,corr_output\3_승인매출정보
이용횟수_선결제_R3M,-0.0241930532369034,corr_output\3_승인매출정보
이용금액_선결제_R3M,-0.0343465348055291,corr_output\3_승인매출정보
이용건수_선결제_R3M,-0.0141271190160708,corr_output\3_승인매출정보
이용횟수_선결제_B0M,-0.0209001803135046,corr_output\3_승인매출정보
이용금액_선결제_B0M,-0.0291494682598579,corr_output\3_승인매출정보
이용건수_선결제_B0M,-0.0082743552541353,corr_output\3_승인매출정보
이용횟수_연체_R6M,0.0034915816829815,corr_output\3_승인매출정보
이용금액_연체_R6M,-0.0082476343050839,corr_output\3_승인매출정보
이용횟수_연체_R3M,0.0050539306909051,corr_output\3_승인매출정보
이용금액_연체_R3M,-0.0044280406930288,corr_output\3_승인매출정보
이용횟수_연체_B0M,0.007367401712413,corr_output\3_승인매출정보
이용금액_연체_B0M,0.0011455749323229,corr_output\3_승인매출정보
이용개월수_전체_R6M,-0.0298117196976338,corr_output\3_승인매출정보
이용개월수_전체_R3M,-0.0278927361372105,corr_output\3_승인매출정보
이용개월수_결제일_R6M,-0.011893326913261,corr_output\3_승인매출정보
이용개월수_결제일_R3M,-0.0126582451457942,corr_output\3_승인매출정보
가맹점매출금액_B1M,-0.0402133875972207,corr_output\3_승인매출정보
가맹점매출금액_B2M,-0.0402521074002989,corr_output\3_승인매출정보
정상청구원금_B0M,-0.4234586271400962,corr_output\3_승인매출정보
선입금원금_B0M,-0.0525031742978001,corr_output\3_승인매출정보
정상입금원금_B0M,-0.314764797082013,corr_output\3_승인매출정보
연체입금원금_B0M,-0.2565411179909043,corr_output\3_승인매출정보
정상청구원금_B2M,-0.416268521377079,corr_output\3_승인매출정보
선입금원금_B2M,-0.0511897940058213,corr_output\3_승인매출정보
정상입금원금_B2M,-0.3050659325002871,corr_output\3_승인매출정보
연체입금원금_B2M,-0.2362609830427398,corr_output\3_승인매출정보
정상청구원금_B5M,-0.438867961067113,corr_output\3_승인매출정보
선입금원금_B5M,-0.0555943765887509,corr_output\3_승인매출정보
정상입금원금_B5M,-0.3095262264827728,corr_output\3_승인매출정보
연체입금원금_B5M,-0.2227892891550265,corr_output\3_승인매출정보
건수_할부전환_R6M,-0.0161666981279201,corr_output\3_승인매출정보
건수_할부전환_R3M,-0.0167858300226871,corr_output\3_승인매출정보
금액_할부전환_R6M,-0.0170327283838436,corr_output\3_승인매출정보
금액_할부전환_R3M,-0.017192279385268,corr_output\3_승인매출정보
연속무실적개월수_기본_24M_카드,0.0407805422639041,corr_output\3_승인매출정보
연속유실적개월수_기본_24M_카드,-0.0802393445320302,corr_output\3_승인매출정보
신청건수_ATM_CA_B0,-0.0593902444109578,corr_output\3_승인매출정보
신청건수_ATM_CL_B0,-0.0023959219896341,corr_output\3_승인매출정보
신청건수_ATM_CA_R6M,-0.0696885585539224,corr_output\3_승인매출정보
신청건수_ATM_CL_R6M,-0.0058714326911889,corr_output\3_승인매출정보
승인거절건수_B0M,0.0052258933229709,corr_output\3_승인매출정보
승인거절건수_한도초과_B0M,0.006915790439238,corr_output\3_승인매출정보
승인거절건수_BL_B0M,-0.004761749843983,corr_output\3_승인매출정보
승인거절건수_입력오류_B0M,,corr_output\3_승인매출정보
승인거절건수_기타_B0M,,corr_output\3_승인매출정보
승인거절건수_R3M,-0.0289830031738085,corr_output\3_승인매출정보
승인거절건수_한도초과_R3M,-0.0102395478856928,corr_output\3_승인매출정보
승인거절건수_BL_R3M,-0.0228733125784805,corr_output\3_승인매출정보
승인거절건수_입력오류_R3M,-0.0044636118252915,corr_output\3_승인매출정보
승인거절건수_기타_R3M,-0.0274972300910058,corr_output\3_승인매출정보
이용금액대,0.1627921651875634,corr_output\3_승인매출정보
기준년월,4.738603788372546e-13,corr_output\4_청구입금정보
ID,0.0034758593521061,corr_output\4_청구입금정보
대표결제일,-0.0249280076670544,corr_output\4_청구입금정보
대표결제방법코드,,corr_output\4_청구입금정보
대표청구지고객주소구분코드,0.0115759851586667,corr_output\4_청구입금정보
대표청구서수령지구분코드,-0.037199297420139,corr_output\4_청구입금정보
청구서수령방법,-0.037199297420139,corr_output\4_청구입금정보
청구서발송여부_B0,-0.033887161818373,corr_output\4_청구입금정보
청구서발송여부_R3M,-0.0261680678931033,corr_output\4_청구입금정보
청구서발송여부_R6M,-0.0164068048175392,corr_output\4_청구입금정보
청구금액_B0,-0.3456355890053013,corr_output\4_청구입금정보
청구금액_R3M,-0.3590249008264076,corr_output\4_청구입금정보
청구금액_R6M,-0.360852728868134,corr_output\4_청구입금정보
포인트_마일리지_건별_B0M,-0.1286533451112292,corr_output\4_청구입금정보
포인트_마일리지_건별_R3M,-0.1300108029566177,corr_output\4_청구입금정보
포인트_포인트_건별_B0M,-0.0387998567769312,corr_output\4_청구입금정보
포인트_포인트_건별_R3M,-0.0393432401697622,corr_output\4_청구입금정보
포인트_마일리지_월적립_B0M,-0.1159560306442202,corr_output\4_청구입금정보
포인트_마일리지_월적립_R3M,-0.1202176570776094,corr_output\4_청구입금정보
포인트_포인트_월적립_B0M,-0.0252678611931477,corr_output\4_청구입금정보
포인트_포인트_월적립_R3M,-0.0241935270115184,corr_output\4_청구입금정보
포인트_적립포인트_R12M,-0.0417269677026939,corr_output\4_청구입금정보
포인트_적립포인트_R3M,-0.0320003672199384,corr_output\4_청구입금정보
포인트_이용포인트_R12M,-0.0269373102820445,corr_output\4_청구입금정보
포인트_이용포인트_R3M,-0.0353051757154091,corr_output\4_청구입금정보
포인트_잔여포인트_B0M,0.0018634630264946,corr_output\4_청구입금정보
마일_적립포인트_R12M,-0.1235471877809378,corr_output\4_청구입금정보
마일_적립포인트_R3M,-0.1744527063693708,corr_output\4_청구입금정보
마일_이용포인트_R12M,-0.1265276544346082,corr_output\4_청구입금정보
마일_이용포인트_R3M,-0.1275509391628193,corr_output\4_청구입금정보
마일_잔여포인트_B0M,-0.1208912083595479,corr_output\4_청구입금정보
할인건수_R3M,-0.0157946304987195,corr_output\4_청구입금정보
할인금액_R3M,-0.0235534584685933,corr_output\4_청구입금정보
할인건수_B0M,-0.0181367865568892,corr_output\4_청구입금정보
할인금액_B0M,-0.0225989226656372,corr_output\4_청구입금정보
할인금액_청구서_R3M,-0.0298428025139007,corr_output\4_청구입금정보
할인금액_청구서_B0M,-0.0270740528314733,corr_output\4_청구입금정보
상환개월수_결제일_R6M,-0.0018292750478788,corr_output\4_청구입금정보
상환개월수_결제일_R3M,-0.0011447906143686,corr_output\4_청구입금정보
선결제건수_R6M,-0.0350235754735258,corr_output\4_청구입금정보
선결제건수_R3M,-0.031658975389379,corr_output\4_청구입금정보
연체건수_R6M,0.0003717163995783,corr_output\4_청구입금정보
연체건수_R3M,0.0007325550632169,corr_output\4_청구입금정보
혜택수혜금액_R3M,-0.1671990485693142,corr_output\4_청구입금정보
포인트_마일리지_환산_B0M,-0.1817844321473278,corr_output\4_청구입금정보
혜택수혜금액,-0.1567402218853596,corr_output\4_청구입금정보
기준년월,4.738603788372546e-13,corr_output\5_잔액정보
ID,0.0034758593521061,corr_output\5_잔액정보
잔액_일시불_B0M,-0.1835953090287742,corr_output\5_잔액정보
잔액_할부_B0M,-0.1173979885922497,corr_output\5_잔액정보
잔액_현금서비스_B0M,-0.1646924117430192,corr_output\5_잔액정보
잔액_리볼빙일시불이월_B0M,0.0128460970459265,corr_output\5_잔액정보
잔액_리볼빙CA이월_B0M,0.0052643204358705,corr_output\5_잔액정보
잔액_카드론_B0M,-0.0020219468966647,corr_output\5_잔액정보
월중평잔_일시불_B0M,-0.2064890948033497,corr_output\5_잔액정보
월중평잔_할부_B0M,-0.1162035825312227,corr_output\5_잔액정보
월중평잔_CA_B0M,-0.1692177650092163,corr_output\5_잔액정보
카드론잔액_최종경과월,,corr_output\5_잔액정보
연체일자_B0M,0.0034363235501487,corr_output\5_잔액정보
연체잔액_B0M,0.0044176717857923,corr_output\5_잔액정보
연체잔액_일시불_B0M,0.0035958424027012,corr_output\5_잔액정보
연체잔액_할부_B0M,0.0074355535648499,corr_output\5_잔액정보
연체잔액_현금서비스_B0M,0.003092821338962,corr_output\5_잔액정보
연체잔액_카드론_B0M,-0.0024153501711319,corr_output\5_잔액정보
연체잔액_대환론_B0M,,corr_output\5_잔액정보
잔액_현금서비스_B1M,-0.1680924686269988,corr_output\5_잔액정보
잔액_현금서비스_B2M,-0.1680823064777697,corr_output\5_잔액정보
잔액_카드론_B1M,-0.0021274233055379,corr_output\5_잔액정보
잔액_카드론_B2M,-0.0024486286464552,corr_output\5_잔액정보
잔액_카드론_B3M,-0.0029956397517509,corr_output\5_잔액정보
잔액_카드론_B4M,-0.0035249765278761,corr_output\5_잔액정보
잔액_카드론_B5M,-0.0044053246824565,corr_output\5_잔액정보
잔액_할부_B1M,-0.1147611885641383,corr_output\5_잔액정보
잔액_할부_B2M,-0.1115451629320345,corr_output\5_잔액정보
잔액_일시불_B1M,-0.1547697994725249,corr_output\5_잔액정보
잔액_일시불_B2M,-0.1539509080324111,corr_output\5_잔액정보
연체일수_B1M,0.0011307179246392,corr_output\5_잔액정보
연체일수_B2M,0.000230137108658,corr_output\5_잔액정보
연체원금_B1M,0.0048172788305458,corr_output\5_잔액정보
연체원금_B2M,0.0060527835781731,corr_output\5_잔액정보
연체일수_최근,0.0070274967951435,corr_output\5_잔액정보
연체원금_최근,0.0046945436933558,corr_output\5_잔액정보
최종연체회차,-0.0183054557441518,corr_output\5_잔액정보
매각잔액_B1M,,corr_output\5_잔액정보
최종연체개월수_R15M,,corr_output\5_잔액정보
RV_평균잔액_R12M,0.01329388119683,corr_output\5_잔액정보
RV_최대잔액_R12M,0.0129642437195809,corr_output\5_잔액정보
RV_평균잔액_R6M,0.0145783793635982,corr_output\5_잔액정보
RV_최대잔액_R6M,0.0132415293741575,corr_output\5_잔액정보
RV_평균잔액_R3M,0.0146927851976258,corr_output\5_잔액정보
RV_최대잔액_R3M,0.0130824862445812,corr_output\5_잔액정보
RV잔액이월횟수_R6M,,corr_output\5_잔액정보
RV잔액이월횟수_R3M,,corr_output\5_잔액정보
잔액_할부_유이자_B0M,-0.0258369008618541,corr_output\5_잔액정보
잔액_할부_무이자_B0M,-0.1298629037239471,corr_output\5_잔액정보
잔액_할부_해외_B0M,-0.0019765307334907,corr_output\5_잔액정보
연체잔액_일시불_해외_B0M,,corr_output\5_잔액정보
연체잔액_RV일시불_B0M,0.0003207107837783,corr_output\5_잔액정보
연체잔액_RV일시불_해외_B0M,,corr_output\5_잔액정보
연체잔액_할부_해외_B0M,,corr_output\5_잔액정보
연체잔액_CA_B0M,0.0047604498887852,corr_output\5_잔액정보
연체잔액_CA_해외_B0M,,corr_output\5_잔액정보
월중평잔,-0.1426331621443426,corr_output\5_잔액정보
월중평잔_일시불,-0.2024173968786468,corr_output\5_잔액정보
월중평잔_RV일시불,0.0014323648329139,corr_output\5_잔액정보
월중평잔_할부,-0.114755534157942,corr_output\5_잔액정보
월중평잔_CA,-0.1724899150380424,corr_output\5_잔액정보
월중평잔_카드론,-0.0014600006090633,corr_output\5_잔액정보
평잔_3M,-0.1376907406863205,corr_output\5_잔액정보
평잔_일시불_3M,-0.1932059809102347,corr_output\5_잔액정보
평잔_일시불_해외_3M,-0.1650314343975462,corr_output\5_잔액정보
평잔_RV일시불_3M,0.0012687250139739,corr_output\5_잔액정보
평잔_RV일시불_해외_3M,-0.0273961239151747,corr_output\5_잔액정보
평잔_할부_3M,-0.1200557337902422,corr_output\5_잔액정보
평잔_할부_해외_3M,-0.0097129061127216,corr_output\5_잔액정보
평잔_CA_3M,-0.1782364460120033,corr_output\5_잔액정보
평잔_CA_해외_3M,-0.0041085137947616,corr_output\5_잔액정보
평잔_카드론_3M,0.0006688442795543,corr_output\5_잔액정보
평잔_6M,-0.1477164397460873,corr_output\5_잔액정보
평잔_일시불_6M,-0.1989329218583209,corr_output\5_잔액정보
평잔_일시불_해외_6M,-0.1856654008459028,corr_output\5_잔액정보
평잔_RV일시불_6M,-0.0010079709960943,corr_output\5_잔액정보
평잔_RV일시불_해외_6M,-0.0301159540538683,corr_output\5_잔액정보
평잔_할부_6M,-0.1279061732051311,corr_output\5_잔액정보
평잔_할부_해외_6M,-0.0141237553862142,corr_output\5_잔액정보
평잔_CA_6M,-0.1854125297956,corr_output\5_잔액정보
평잔_CA_해외_6M,-0.0091267718421844,corr_output\5_잔액정보
평잔_카드론_6M,0.0002822301340557,corr_output\5_잔액정보
기준년월,4.738603788372546e-13,corr_output\6_채널정보
ID,0.0034758593521061,corr_output\6_채널정보
인입횟수_ARS_R6M,-0.040578340546367,corr_output\6_채널정보
이용메뉴건수_ARS_R6M,-0.0311048412727135,corr_output\6_채널정보
인입일수_ARS_R6M,-0.0567199322939187,corr_output\6_채널정보
인입월수_ARS_R6M,-0.0539311673675255,corr_output\6_채널정보
인입후경과월_ARS,-0.0216599060657587,corr_output\6_채널정보
인입횟수_ARS_B0M,-0.0395617528205104,corr_output\6_채널정보
이용메뉴건수_ARS_B0M,-0.0382349695392278,corr_output\6_채널정보
인입일수_ARS_B0M,-0.0392966474664247,corr_output\6_채널정보
방문횟수_PC_R6M,-0.0635044965271527,corr_output\6_채널정보
방문일수_PC_R6M,-0.060466367901502,corr_output\6_채널정보
방문월수_PC_R6M,-0.0705619528796726,corr_output\6_채널정보
방문후경과월_PC_R6M,0.0730432992427028,corr_output\6_채널정보
방문횟수_앱_R6M,-0.0173244150418375,corr_output\6_채널정보
방문일수_앱_R6M,-0.0169907874982766,corr_output\6_채널정보
방문월수_앱_R6M,-0.0138574055564511,corr_output\6_채널정보
방문후경과월_앱_R6M,0.0175521511570977,corr_output\6_채널정보
방문횟수_모바일웹_R6M,-0.0114225955879931,corr_output\6_채널정보
방문일수_모바일웹_R6M,-0.0109081486857481,corr_output\6_채널정보
방문월수_모바일웹_R6M,-0.0117672626234348,corr_output\6_채널정보
방문후경과월_모바일웹_R6M,0.0097411982993039,corr_output\6_채널정보
방문횟수_PC_B0M,-0.0637116392944823,corr_output\6_채널정보
방문일수_PC_B0M,-0.0642794795081124,corr_output\6_채널정보
방문횟수_앱_B0M,-0.0191156146715153,corr_output\6_채널정보
방문일수_앱_B0M,-0.016645931002139,corr_output\6_채널정보
방문횟수_모바일웹_B0M,0.002001605928077,corr_output\6_채널정보
방문일수_모바일웹_B0M,0.0017378899285316,corr_output\6_채널정보
인입횟수_IB_R6M,-0.0473139030432606,corr_output\6_채널정보
인입횟수_금융_IB_R6M,,corr_output\6_채널정보
인입일수_IB_R6M,-0.0497509404140688,corr_output\6_채널정보
인입월수_IB_R6M,-0.047698928776273,corr_output\6_채널정보
이용메뉴건수_IB_R6M,-0.0470960643604552,corr_output\6_채널정보
인입후경과월_IB_R6M,0.0415956382094589,corr_output\6_채널정보
인입횟수_IB_B0M,-0.0219738787592931,corr_output\6_채널정보
인입일수_IB_B0M,-0.0184436083694101,corr_output\6_채널정보
이용메뉴건수_IB_B0M,-0.0181997126358653,corr_output\6_채널정보
인입불만횟수_IB_R6M,,corr_output\6_채널정보
인입불만일수_IB_R6M,,corr_output\6_채널정보
인입불만월수_IB_R6M,,corr_output\6_채널정보
인입불만후경과월_IB_R6M,,corr_output\6_채널정보
인입불만횟수_IB_B0M,,corr_output\6_채널정보
인입불만일수_IB_B0M,,corr_output\6_채널정보
상담건수_B0M,-0.021400432065191,corr_output\6_채널정보
IB문의건수_사용승인내역_B0M,-0.0032193611879161,corr_output\6_채널정보
IB문의건수_한도_B0M,,corr_output\6_채널정보
IB문의건수_선결제_B0M,-0.0196624185797813,corr_output\6_채널정보
IB문의건수_결제_B0M,,corr_output\6_채널정보
IB문의건수_할부_B0M,,corr_output\6_채널정보
IB문의건수_정보변경_B0M,,corr_output\6_채널정보
IB문의건수_결제일변경_B0M,,corr_output\6_채널정보
IB문의건수_명세서_B0M,,corr_output\6_채널정보
IB문의건수_비밀번호_B0M,,corr_output\6_채널정보
IB문의건수_SMS_B0M,,corr_output\6_채널정보
IB문의건수_APP_B0M,,corr_output\6_채널정보
IB문의건수_부대서비스_B0M,,corr_output\6_채널정보
IB문의건수_포인트_B0M,,corr_output\6_채널정보
IB문의건수_카드발급_B0M,,corr_output\6_채널정보
IB문의건수_BL_B0M,,corr_output\6_채널정보
IB문의건수_분실도난_B0M,,corr_output\6_채널정보
IB문의건수_CA_B0M,,corr_output\6_채널정보
IB문의건수_CL_RV_B0M,0.0004451168948533,corr_output\6_채널정보
IB문의건수_CS_B0M,0.0015160879028414,corr_output\6_채널정보
IB상담건수_VOC_B0M,,corr_output\6_채널정보
IB상담건수_VOC민원_B0M,,corr_output\6_채널정보
IB상담건수_VOC불만_B0M,,corr_output\6_채널정보
IB상담건수_금감원_B0M,,corr_output\6_채널정보
상담건수_R6M,-0.0494989461986756,corr_output\6_채널정보
IB문의건수_사용승인내역_R6M,-0.0398391646563726,corr_output\6_채널정보
IB문의건수_한도_R6M,-0.0074007446896821,corr_output\6_채널정보
IB문의건수_선결제_R6M,-0.0259849134973862,corr_output\6_채널정보
IB문의건수_결제_R6M,-0.0184614311140353,corr_output\6_채널정보
IB문의건수_할부_R6M,0.000627569982057,corr_output\6_채널정보
IB문의건수_정보변경_R6M,-0.0060671914336056,corr_output\6_채널정보
IB문의건수_결제일변경_R6M,0.0112439735077995,corr_output\6_채널정보
IB문의건수_명세서_R6M,,corr_output\6_채널정보
IB문의건수_비밀번호_R6M,0.0006523041006245,corr_output\6_채널정보
IB문의건수_SMS_R6M,,corr_output\6_채널정보
IB문의건수_APP_R6M,,corr_output\6_채널정보
IB문의건수_부대서비스_R6M,,corr_output\6_채널정보
IB문의건수_포인트_R6M,-0.0083004193287832,corr_output\6_채널정보
IB문의건수_카드발급_R6M,-0.0243045153209203,corr_output\6_채널정보
IB문의건수_BL_R6M,0.0013841572375214,corr_output\6_채널정보
IB문의건수_분실도난_R6M,-0.023647615210738,corr_output\6_채널정보
IB문의건수_CA_R6M,-0.0108099835950796,corr_output\6_채널정보
IB문의건수_CL_RV_R6M,0.0257028896878578,corr_output\6_채널정보
IB문의건수_CS_R6M,0.0046000512594273,corr_output\6_채널정보
IB상담건수_VOC_R6M,,corr_output\6_채널정보
IB상담건수_VOC민원_R6M,,corr_output\6_채널정보
IB상담건수_VOC불만_R6M,,corr_output\6_채널정보
IB상담건수_금감원_R6M,,corr_output\6_채널정보
불만제기건수_B0M,,corr_output\6_채널정보
불만제기건수_R12M,,corr_output\6_채널정보
불만제기후경과월_R12M,-0.0616297332819732,corr_output\6_채널정보
당사PAY_방문횟수_B0M,,corr_output\6_채널정보
당사PAY_방문횟수_R6M,,corr_output\6_채널정보
당사PAY_방문월수_R6M,,corr_output\6_채널정보
당사멤버쉽_방문횟수_B0M,-0.0299299741163478,corr_output\6_채널정보
당사멤버쉽_방문횟수_R6M,-0.0258660404857761,corr_output\6_채널정보
당사멤버쉽_방문월수_R6M,-0.0401400640960098,corr_output\6_채널정보
OS구분코드,-0.0197660355900679,corr_output\6_채널정보
홈페이지_금융건수_R6M,-0.0584557463942664,corr_output\6_채널정보
홈페이지_선결제건수_R6M,-0.0353646399624767,corr_output\6_채널정보
홈페이지_금융건수_R3M,-0.0524521050903638,corr_output\6_채널정보
홈페이지_선결제건수_R3M,-0.0345127413438326,corr_output\6_채널정보
기준년월,4.738603788372546e-13,corr_output\7_마케팅정보
ID,0.0034758593521061,corr_output\7_마케팅정보
컨택건수_카드론_TM_B0M,0.0185676314630161,corr_output\7_마케팅정보
컨택건수_리볼빙_TM_B0M,-0.0023959219896339,corr_output\7_마케팅정보
컨택건수_CA_TM_B0M,,corr_output\7_마케팅정보
컨택건수_이용유도_TM_B0M,0.0174066157954481,corr_output\7_마케팅정보
컨택건수_신용발급_TM_B0M,,corr_output\7_마케팅정보
컨택건수_부대서비스_TM_B0M,,corr_output\7_마케팅정보
컨택건수_포인트소진_TM_B0M,,corr_output\7_마케팅정보
컨택건수_보험_TM_B0M,0.0003930114933906,corr_output\7_마케팅정보
컨택건수_카드론_LMS_B0M,0.0214877557805128,corr_output\7_마케팅정보
컨택건수_CA_LMS_B0M,0.0012232230472997,corr_output\7_마케팅정보
컨택건수_리볼빙_LMS_B0M,-0.0060337820195193,corr_output\7_마케팅정보
컨택건수_이용유도_LMS_B0M,-0.0092401279984079,corr_output\7_마케팅정보
컨택건수_카드론_EM_B0M,-0.0003241271987673,corr_output\7_마케팅정보
컨택건수_CA_EM_B0M,,corr_output\7_마케팅정보
컨택건수_리볼빙_EM_B0M,,corr_output\7_마케팅정보
컨택건수_이용유도_EM_B0M,0.0112487243159382,corr_output\7_마케팅정보
컨택건수_카드론_청구서_B0M,-0.0010421862466321,corr_output\7_마케팅정보
컨택건수_CA_청구서_B0M,0.0067658919321977,corr_output\7_마케팅정보
컨택건수_리볼빙_청구서_B0M,,corr_output\7_마케팅정보
컨택건수_이용유도_청구서_B0M,-0.0268626489746491,corr_output\7_마케팅정보
컨택건수_카드론_인터넷_B0M,,corr_output\7_마케팅정보
컨택건수_CA_인터넷_B0M,,corr_output\7_마케팅정보
컨택건수_리볼빙_인터넷_B0M,,corr_output\7_마케팅정보
컨택건수_이용유도_인터넷_B0M,0.0195275447160555,corr_output\7_마케팅정보
컨택건수_카드론_당사앱_B0M,,corr_output\7_마케팅정보
컨택건수_CA_당사앱_B0M,,corr_output\7_마케팅정보
컨택건수_리볼빙_당사앱_B0M,,corr_output\7_마케팅정보
컨택건수_이용유도_당사앱_B0M,-0.0037638924824228,corr_output\7_마케팅정보
컨택건수_카드론_TM_R6M,0.0289916629762117,corr_output\7_마케팅정보
컨택건수_CA_TM_R6M,-0.0005866340935833,corr_output\7_마케팅정보
컨택건수_리볼빙_TM_R6M,0.0083961457684449,corr_output\7_마케팅정보
컨택건수_이용유도_TM_R6M,0.0700361356103335,corr_output\7_마케팅정보
컨택건수_신용발급_TM_R6M,0.0097909821084944,corr_output\7_마케팅정보
컨택건수_부대서비스_TM_R6M,0.0115060118224212,corr_output\7_마케팅정보
컨택건수_포인트소진_TM_R6M,0.0010583700811603,corr_output\7_마케팅정보
컨택건수_보험_TM_R6M,0.0061692611807744,corr_output\7_마케팅정보
컨택건수_카드론_LMS_R6M,0.0333901237718303,corr_output\7_마케팅정보
컨택건수_CA_LMS_R6M,0.0375932651628454,corr_output\7_마케팅정보
컨택건수_리볼빙_LMS_R6M,0.0080213347954418,corr_output\7_마케팅정보
컨택건수_이용유도_LMS_R6M,-0.0044826659923557,corr_output\7_마케팅정보
컨택건수_카드론_EM_R6M,0.0006728335058804,corr_output\7_마케팅정보
컨택건수_CA_EM_R6M,,corr_output\7_마케팅정보
컨택건수_리볼빙_EM_R6M,,corr_output\7_마케팅정보
컨택건수_이용유도_EM_R6M,0.0115645813587594,corr_output\7_마케팅정보
컨택건수_카드론_청구서_R6M,0.0085507157858263,corr_output\7_마케팅정보
컨택건수_CA_청구서_R6M,0.0122423716109949,corr_output\7_마케팅정보
컨택건수_리볼빙_청구서_R6M,,corr_output\7_마케팅정보
컨택건수_이용유도_청구서_R6M,0.0191422579505327,corr_output\7_마케팅정보
컨택건수_카드론_인터넷_R6M,,corr_output\7_마케팅정보
컨택건수_CA_인터넷_R6M,,corr_output\7_마케팅정보
컨택건수_리볼빙_인터넷_R6M,,corr_output\7_마케팅정보
컨택건수_이용유도_인터넷_R6M,0.0440570956157088,corr_output\7_마케팅정보
컨택건수_카드론_당사앱_R6M,,corr_output\7_마케팅정보
컨택건수_CA_당사앱_R6M,,corr_output\7_마케팅정보
컨택건수_리볼빙_당사앱_R6M,,corr_output\7_마케팅정보
컨택건수_이용유도_당사앱_R6M,-0.0050889909885722,corr_output\7_마케팅정보
컨택건수_채권_B0M,0.0036573427222869,corr_output\7_마케팅정보
컨택건수_FDS_B0M,,corr_output\7_마케팅정보
컨택건수_채권_R6M,0.0052821272586987,corr_output\7_마케팅정보
컨택건수_FDS_R6M,,corr_output\7_마케팅정보
캠페인접촉건수_R12M,0.0292870896046172,corr_output\7_마케팅정보
캠페인접촉일수_R12M,0.0296091753285262,corr_output\7_마케팅정보
기준년월,4.738603788372546e-13,corr_output\8_성과정보
ID,0.0034758593521061,corr_output\8_성과정보
증감율_이용건수_신용_전월,-0.0137581957466605,corr_output\8_성과정보
증감율_이용건수_신판_전월,-0.0148089551226971,corr_output\8_성과정보
증감율_이용건수_일시불_전월,-0.0162216523603572,corr_output\8_성과정보
증감율_이용건수_할부_전월,0.0121869884945708,corr_output\8_성과정보
증감율_이용건수_CA_전월,0.0198657918073827,corr_output\8_성과정보
증감율_이용건수_체크_전월,0.0049910033584116,corr_output\8_성과정보
증감율_이용건수_카드론_전월,0.000707654652621,corr_output\8_성과정보
증감율_이용금액_신용_전월,0.015537651057287,corr_output\8_성과정보
증감율_이용금액_신판_전월,-0.0134916786760132,corr_output\8_성과정보
증감율_이용금액_일시불_전월,-0.0133886905200905,corr_output\8_성과정보
증감율_이용금액_할부_전월,-0.0048486398245368,corr_output\8_성과정보
증감율_이용금액_CA_전월,-0.0029731645493084,corr_output\8_성과정보
증감율_이용금액_체크_전월,0.0164257358698311,corr_output\8_성과정보
증감율_이용금액_카드론_전월,0.0010677999487366,corr_output\8_성과정보
증감율_이용건수_신용_분기,-0.0212493352681622,corr_output\8_성과정보
증감율_이용건수_신판_분기,-0.0197670585649139,corr_output\8_성과정보
증감율_이용건수_일시불_분기,-0.0194446105002222,corr_output\8_성과정보
증감율_이용건수_할부_분기,-0.0158279954706094,corr_output\8_성과정보
증감율_이용건수_CA_분기,-0.011112125302973,corr_output\8_성과정보
증감율_이용건수_체크_분기,-0.0060284048862634,corr_output\8_성과정보
증감율_이용건수_카드론_분기,0.0041969663848182,corr_output\8_성과정보
증감율_이용금액_신용_분기,-0.012510774225645,corr_output\8_성과정보
증감율_이용금액_신판_분기,-0.0118269129310668,corr_output\8_성과정보
증감율_이용금액_일시불_분기,-0.0132439793778272,corr_output\8_성과정보
증감율_이용금액_할부_분기,-0.0116420795743412,corr_output\8_성과정보
증감율_이용금액_CA_분기,0.0037516979805943,corr_output\8_성과정보
증감율_이용금액_체크_분기,-0.0060365961895158,corr_output\8_성과정보
증감율_이용금액_카드론_분기,0.0038053521819234,corr_output\8_성과정보
잔액_신판평균한도소진율_r6m,-0.017891490308528,corr_output\8_성과정보
잔액_신판최대한도소진율_r6m,-0.0314997025365418,corr_output\8_성과정보
잔액_신판평균한도소진율_r3m,-0.0232198126148642,corr_output\8_성과정보
잔액_신판최대한도소진율_r3m,-0.0290439742155491,corr_output\8_성과정보
잔액_신판ca평균한도소진율_r6m,-0.0892237747310285,corr_output\8_성과정보
잔액_신판ca최대한도소진율_r6m,-0.1003193017787726,corr_output\8_성과정보
잔액_신판ca평균한도소진율_r3m,-0.094294690094578,corr_output\8_성과정보
잔액_신판ca최대한도소진율_r3m,-0.0989566270376925,corr_output\8_성과정보
변동률_일시불평잔,-0.0147325654162802,corr_output\8_성과정보
변동률_RV일시불평잔,-0.0014153514919986,corr_output\8_성과정보
변동률_할부평잔,-0.0182152150904776,corr_output\8_성과정보
변동률_CA평잔,0.0059186477847997,corr_output\8_성과정보
변동률_RVCA평잔,-0.0094374842621328,corr_output\8_성과정보
변동률_카드론평잔,0.0086108855648168,corr_output\8_성과정보
변동률_잔액_B1M,8.455810429146513e-05,corr_output\8_성과정보
변동률_잔액_일시불_B1M,-0.0092184512936905,corr_output\8_성과정보
변동률_잔액_CA_B1M,0.0073502426417318,corr_output\8_성과정보
혜택수혜율_R3M,0.0169043819763388,corr_output\8_성과정보
혜택수혜율_B0M,0.0210291578533622,corr_output\8_성과정보
