,a,b,ab
ab,0.9332285157977938,0.3591378521742399,1.0
a,0.9999999999999998,-0.0001559208265937291,0.9332285157977939
b,-0.00015592082659372913,1.0,0.3591378521742399
Segment,-0.13748253509826971,-0.03878542581156021,-0.14224528243494683
정상입금원금_B5M,0.13256573948150224,0.035258485502107896,0.13638934211878692
청구금액_R6M,0.11688950522990013,0.0448618048697085,0.12520926806800356
정상청구원금_B5M,0.11686184841021069,0.0425499672280925,0.12435285156556228
청구금액_R3M,0.11567486737143566,0.04354251491769519,0.12360166639754487
청구금액_B0,0.11398320973402326,0.041976099369208666,0.1214600814269591
정상입금원금_B2M,0.12054274705436765,0.03246555782918793,0.12416501674704984
정상입금원금_B0M,0.11755636868054024,0.02992130253396292,0.12046376737511823
할부금액_무이자_3M_R12M,0.091724810938341,0.05974337300653903,0.10707014800471729
정상청구원금_B2M,0.1046215329306125,0.039612014569731346,0.11187359688413995
정상청구원금_B0M,0.10189238554657869,0.03824405655847897,0.10883504127014484
이용금액_할부_무이자_R12M,0.08659216373987504,0.05284188550610589,0.09980033805611985
이용금액_일시불_R12M,0.09967326148540004,0.03166060444024996,0.10439864223367841
이용금액_오프라인_R6M,0.09351442093249511,0.030529330025642135,0.09824424350385244
할부금액_3M_R12M,0.07626524826270616,0.05053734133619771,0.08933440314404413
_1순위카드이용금액,0.08757811569004408,0.03225915166495959,0.0933254777719558
_1순위업종_이용금액,0.08028711659974729,0.03790317527072192,0.08854870489743819
포인트_마일리지_환산_B0M,0.08184017900338823,0.027161435233064465,0.08613882545391752
평잔_일시불_해외_6M,0.08217842033338588,0.02647329763467876,0.08620726446065734
이용금액_할부_R12M,0.06984102009200659,0.04257502426237934,0.08047804222280767
쇼핑_도소매_이용금액,0.07749878918722226,0.03112112812299549,0.0835097252839759
이용금액_오프라인_R3M,0.08014309535728753,0.026001175659390256,0.08413810156098149
잔액_할부_무이자_B0M,0.06804975404258774,0.04245091308382716,0.0787616902372466
마일_적립포인트_R3M,0.07979550942153482,0.02390561428856001,0.08306080462960755
최대이용금액_일시불_R12M,0.0818351159226558,0.020645719159617822,0.08379311172576775
_2순위여유업종_이용금액,0.07341780858562878,0.03177880718427746,0.07993730234855519
_3순위업종_이용금액,0.07784563612101296,0.02386345374058064,0.08122587044814669
여유_숙박이용금액,0.07065329851546745,0.03372511615761423,0.0780565042999947
_2순위쇼핑업종_이용금액,0.07262394681136022,0.03076402040863087,0.07883180741799324
이용금액_R3M_신용,0.07519257169682185,0.025911128996032824,0.07948550211702773
이용금액_오프라인_B0M,0.07475038119479831,0.023385312394449076,0.07816532865740608
_2순위업종_이용금액,0.07399433915293768,0.023452800705647127,0.07748397373943487
이용금액_일시불_B0M,0.07154276715449602,0.02433377855182587,0.07551248019554373
이용금액_R3M_신용체크,0.07044194409775258,0.024776654034821956,0.07464421685661787
납부_기타이용금액,0.06810305599270285,0.02474612197563325,0.07245039909663586
이용금액_일시불_R3M,0.06790229245996537,0.023208470406158095,0.07171057695743031
_3순위여유업종_이용금액,0.06395446535761656,0.026272518727745265,0.06912699258262765
_1순위쇼핑업종_이용금액,0.06063385570124915,0.030450851004887033,0.06752912424603132
이용금액_일시불_R6M,0.06578979133193777,0.022573740553952164,0.0695109644425283
이용금액_해외,0.0664921154905483,0.020219326129141586,0.06932053076820717
평잔_일시불_해외_3M,0.0656589479461969,0.020819128451865763,0.06875844738377997
이용금액_온라인_R6M,0.05858049702795299,0.02988770740418597,0.06541042821925949
이용금액_온라인_B0M,0.057429185187761744,0.030797213478671266,0.06466269709129112
이용금액_할부_무이자_R6M,0.05404721629384268,0.035518299925103705,0.06320256567455997
잔액_할부_B0M,0.0550571691639821,0.03389634079228668,0.06356239612557546
쇼핑_온라인_이용금액,0.05733568975911487,0.02953377385741963,0.0641215064078279
월중평잔_일시불_B0M,0.06342756540014384,0.0202164079820951,0.0664593851186841
이용금액_CA_R12M,0.05738222981389026,0.028613586062447332,0.06383433334860585
평잔_CA_6M,0.05707516096383746,0.02657814042838612,0.06281644897127887
이용금액_온라인_R3M,0.0549813739659358,0.028770549211455988,0.06165004596285386
포인트_마일리지_월적립_R3M,0.06767276038112871,0.009773596634125,0.06666943148448956
할부건수_무이자_3M_R12M,0.048356505632791584,0.03689016376880994,0.05838440128413713
_1순위여유업종_이용금액,0.05771158159278871,0.023467348798489152,0.06229275480014511
평잔_CA_3M,0.05574995974119583,0.02609480565478596,0.06140600501706352
최대이용금액_할부_무이자_R12M,0.054332017086232164,0.028024359198484217,0.0607759175659476
평잔_할부_6M,0.05776206585172853,0.022879434629873536,0.06212864319413858
마일_잔여포인트_B0M,0.06715417421248096,0.00863419783396506,0.06577607599147682
카드이용한도금액_B2M,0.06461805635411919,0.012106236687912672,0.06465660223646183
카드이용한도금액_B1M,0.0641640626059937,0.012079943900537796,0.06422345033082394
카드이용한도금액,0.0632425448770281,0.012467207132957745,0.06350254932461841
이용금액_CA_R6M,0.052707561723788106,0.02708433720801648,0.05892210422823487
이용금액_할부_무이자_R3M,0.047390997887514115,0.03368530424629685,0.056331855104733104
평잔_할부_3M,0.0543478585502867,0.023452461418827363,0.059148095314733674
최대이용금액_할부_R12M,0.05195438487722137,0.02656655005076463,0.058033143609646703
이용금액_페이_온라인_R6M,0.05323634185384032,0.024580141788598468,0.05851589077521695
월중평잔_일시불,0.057359490178012895,0.017687489820458775,0.059887546112005995
포인트_마일리지_월적립_B0M,0.06285229783325767,0.009069181837044797,0.06191748381168097
월중평잔_CA,0.05123173309135265,0.02559652506226173,0.05701019002579901
최대이용금액_CA_R12M,0.05057282478877557,0.026443412999615404,0.05669951384936523
_3순위쇼핑업종_이용금액,0.05311092054331887,0.022345775748909787,0.05759606644362697
잔액_일시불_B0M,0.05447524137044547,0.019370517306907514,0.05780040509146511
혜택수혜금액_R3M,0.05516482531142114,0.01827637971071892,0.058050877676010394
월중평잔,0.051753969535125614,0.02296615141131726,0.056552535711242274
이용건수_할부_무이자_R12M,0.04426528159022676,0.03304803768539834,0.053185713143918005
월중평잔_CA_B0M,0.04949592399436257,0.025174441534332716,0.055238538646278416
마일_적립포인트_R12M,0.05070831604616706,0.0223334544653497,0.05534932598908515
잔액_현금서비스_B2M,0.047889933651483294,0.026043040964644718,0.0540517660260992
월중평잔_할부_B0M,0.049231082760941916,0.023741719429122687,0.054476613191555084
월중평잔_할부,0.04900881229531098,0.023540772609773487,0.054196974752689066
이용금액_페이_온라인_R3M,0.04834890492856396,0.024475024474787416,0.05391675457152108
잔액_현금서비스_B1M,0.047571225603413314,0.025227373586866268,0.053461265008643406
포인트_마일리지_건별_R3M,0.05045510864268008,0.020923917151604143,0.05460658811795408
잔액_할부_B1M,0.04800661157128073,0.024066005278044856,0.053450343678869916
잔액_할부_B2M,0.04844759005694328,0.022906871507124837,0.05344544459177827
이용금액_페이_온라인_B0M,0.04680896856719381,0.02508386453217185,0.05269830188772761
할부금액_무이자_6M_R12M,0.048028198007138194,0.022965195931212705,0.05307498747303827
이용금액_CA_R3M,0.046441759001271,0.02465828732963287,0.05220268806673448
이용금액_할부_무이자_B0M,0.041739985116173314,0.03130750208093745,0.050203547498244454
마일_이용포인트_R3M,0.048848246849362356,0.02087812287012225,0.05309047573166364
포인트_마일리지_건별_B0M,0.04918564578537409,0.02037096354039505,0.0532231510275055
혜택수혜금액,0.05112805879674083,0.016979441280818904,0.05381745750355599
마일_이용포인트_R12M,0.04855822369046106,0.02048273046039571,0.052677743684802866
이용건수_오프라인_R6M,0.04882771209626158,0.019644733393148782,0.052628174635516896
CA한도금액,0.05437456837134391,0.011609635904669902,0.054918092908685844
평잔_일시불_3M,0.05131762741985061,0.014803671829815339,0.05321266118577265
여유_항공이용금액,0.04490043730167473,0.023716662246611092,0.05042588612645462
이용금액_할부_R6M,0.04205893308665385,0.02718472411012395,0.04901997114086143
평잔_일시불_6M,0.05221430339951392,0.012695968078893605,0.05329225210299277
쇼핑_백화점_이용금액,0.048967129410217185,0.017304885034814612,0.05191762205358029
평잔_6M,0.047258064541372165,0.019620265872604885,0.05115445607300964
잔액_현금서비스_B0M,0.044499505940399815,0.023250273217843183,0.049884137264848576
할부건수_3M_R12M,0.03882785721756329,0.030450211180840955,0.047177693200672645
이용건수_할부_무이자_R6M,0.03870996301562056,0.029657470758579482,0.04678284591419054
할부금액_6M_R12M,0.04400617708084304,0.020568130921617522,0.04846007194447329
평잔_3M,0.044835530818146625,0.019346811358840043,0.04879529515282549
여유_운동이용금액,0.046620634394694035,0.015933442635347975,0.04923493809486852
이용건수_오프라인_R3M,0.04482779804246165,0.017683395704162375,0.04819044068962341
이용금액_CA_B0M,0.04103191874509509,0.021946199545591374,0.04617935977520299
이용건수_할부_R12M,0.03658375544767325,0.027728180385497132,0.04410532732339793
이용건수_할부_무이자_R3M,0.0362777568764583,0.028156472649113695,0.04397362187708987
잔액_일시불_B1M,0.04513177182475127,0.014778075583018708,0.04743030151384781
이용건수_할부_무이자_B0M,0.035602261004007374,0.027972225531884016,0.04327699510017546
이용금액_간편결제_R6M,0.038816170288668045,0.022733152039463106,0.04439417495069012
이용금액_간편결제_B0M,0.037839173962762124,0.0235248541861883,0.04376680480426774
이용건수_오프라인_B0M,0.04263556218130232,0.016654626736727875,0.045774841279847316
이용금액_할부_R3M,0.03637704525946585,0.02536382371795601,0.043062933868419896
쇼핑_마트_이용금액,0.04221195573586433,0.016875843037479722,0.045458975273338656
잔액_일시불_B2M,0.04374128567053513,0.014163142220229918,0.04591164695789066
이용건수_온라인_R6M,0.03821579334056114,0.02198442106678739,0.04356484584192782
이용금액_R3M_신용_가족,0.044066715440646616,0.01262509242620772,0.04566276981549042
이용금액_간편결제_R3M,0.03690479488934088,0.022611347034405944,0.04256655533607073
이용가맹점수,0.040807202745734114,0.016551993898993103,0.044031587421307986
쇼핑_슈퍼마켓_이용금액,0.04104942141104434,0.01575796816409263,0.04397236611343097
이용건수_신용_R12M,0.04043431756425864,0.01652953919515611,0.04367551184621639
이용건수_신판_R12M,0.03998065717744979,0.016257769857529164,0.04315447541914499
이용건수_온라인_R3M,0.03684353688775045,0.020574745460501774,0.04177766711232216
이용건수_신용_R6M,0.03924850450332738,0.01608050349750101,0.04240747979538167
이용건수_신용_B0M,0.0393587561778556,0.015884208021445727,0.04243985027795406
이용건수_신용_R3M,0.03921792485470174,0.01584772155411449,0.042295305600965366
이용건수_할부_R6M,0.03262401769103684,0.025127325309521192,0.03947532133194244
이용건수_일시불_R12M,0.03925350056734542,0.015594354402500687,0.042237477259168404
이용건수_신판_R6M,0.038786378755258,0.01581154519212263,0.04187955273469931
이용건수_신판_B0M,0.03889451141900105,0.015607411365552671,0.041907129388281554
이용건수_신판_R3M,0.03875802571519726,0.015576203036557252,0.04176853675796202
이용건수_일시불_B0M,0.03843477638785809,0.01516715472014993,0.041319888901741736
이용금액_할부_B0M,0.03231337605015858,0.02386389012546904,0.03873147304086098
이용건수_일시불_R3M,0.038312819559669115,0.015148251854217195,0.04119927699459932
이용건수_일시불_R6M,0.03821865395869622,0.015281151361226588,0.04115914227826829
이용개월수_할부_무이자_R6M,0.03163336408445052,0.024460877749640935,0.03831131611513794
이용건수_온라인_B0M,0.03470794106118061,0.019346256073026022,0.03934317274521883
이용개월수_할부_무이자_R3M,0.030789356357904352,0.02416660599788926,0.03741788980918985
_3순위교통업종_이용금액,0.03924414207557681,0.01187911151370757,0.04089391813557923
이용개월수_할부_무이자_R12M,0.03131155443545801,0.02124974245244789,0.03685726863308108
이용건수_할부_R3M,0.029642654556202266,0.02316637157238735,0.0359883231549094
이용건수_할부_B0M,0.029319102851747377,0.023247668792909473,0.03571556609211055
이용건수_CA_R12M,0.031547348581007766,0.0184744174664298,0.03608020354701332
교통_정비이용금액,0.03612879821578317,0.010897007835879229,0.03763356236857137
교통_주유이용금액,0.035084867020082816,0.01212562614498526,0.037100699654801256
쇼핑_기타_이용금액,0.03187172117161134,0.01658800995746606,0.03570518062130437
_1순위카드이용건수,0.03382492399239411,0.013780492769170052,0.036519380370122714
_1순위교통업종_이용금액,0.03500068609207201,0.011910239008188684,0.03694474987999249
이용개월수_할부_R6M,0.02814283997890952,0.02163301919473766,0.03403766139305879
이용건수_CA_R6M,0.02957768133226526,0.01690633677680266,0.033678558247917136
이용개월수_할부_R12M,0.0278111568637651,0.01918366082376294,0.03284809293948097
이용개월수_할부_R3M,0.026645836571465506,0.020464648333856993,0.03222075504212076
입회경과개월수_신용,0.035590709674624375,0.006037629791587926,0.03538547893123198
입회일자_신용,-0.035607814209950454,-0.005967605109212803,-0.035376283625626156
_2순위교통업종_이용금액,0.03149161691778433,0.010297256976678984,0.03309027226431579
이용개월수_CA_R6M,0.0266397480210397,0.017055169294192984,0.030990103570560854
이용금액대,-0.03025395774793009,-0.011642744752685983,-0.0324185954841577
이용개월수_CA_R12M,0.026410514715357308,0.016914587975123897,0.030725655141163148
이용카드수_신용_가족,0.03273072215519317,0.00771651789425983,0.033319493383968134
소지카드수_유효_신용,0.03199534913305286,0.008213924770240563,0.03281189113352707
이용건수_CA_R3M,0.026819188623274665,0.01556033250161628,0.030620502708237563
승인거절건수_입력오류_R3M,-4.10875984760666e-05,0.052690506788782634,0.018892476461144746
유효카드수_신용_가족,0.031108949865997798,0.008031544668097345,0.031919102267420466
이용가능카드수_신용_가족,0.031190405274463415,0.007815908612100957,0.0319176488914352
이용개월수_CA_R3M,0.025442788878375047,0.015861273751225143,0.029444053298111506
소지카드수_이용가능_신용,0.030490123597505477,0.007975604001764013,0.03132146272968374
쇼핑_편의점_이용금액,0.025956984436947272,0.01387312580182916,0.029209635564530708
연체입금원금_B0M,0.01887812165182946,0.022962559307183543,0.025868724705134526
할부건수_무이자_6M_R12M,0.023174574304026235,0.01660592829433501,0.027594705706780482
이용건수_페이_온라인_R6M,0.02499187748715204,0.014001886349078958,0.02835517769655246
이용건수_CA_B0M,0.0245699916856101,0.014412246392229931,0.02810887374169093
교통_택시이용금액,0.02716865108752207,0.010662520986802185,0.029186948391929635
이용건수_페이_온라인_B0M,0.0240793899080977,0.01488351811944196,0.027820322784279653
이용건수_페이_온라인_R3M,0.024397150855323083,0.014418211100645822,0.027949707088214974
할부건수_6M_R12M,0.022102289920033772,0.015380358490365483,0.026153632423320482
이용카드수_신용,0.027988353235733007,0.0069246723657013926,0.028609016878975473
이용건수_간편결제_R6M,0.023064619491465373,0.012935292345765447,0.026173288124501846
이용가능카드수_신용,0.02769646151550609,0.006033570463423884,0.02801644075536459
이용후경과월_할부_무이자,-0.02193145568904494,-0.013709998982616536,-0.025394063083216855
이용건수_간편결제_R3M,0.022502433510982682,0.012630592977606813,0.025539135226775613
이용건수_간편결제_B0M,0.02215650344153682,0.012337469818586192,0.02511096976598073
유효카드수_신용,0.026997023442554738,0.005328939798128565,0.027110503937798257
잔액_신판ca최대한도소진율_r6m,0.02039643231892505,0.014278636799907917,0.024165751621851996
잔액_신판ca평균한도소진율_r3m,0.019208061394504646,0.01487165175074301,0.023269723825978004
잔액_신판ca최대한도소진율_r3m,0.01928409886758351,0.014731177828139775,0.023290218479320973
여유_공연이용금액,0.022632556733357314,0.009961065267290646,0.0247014603040747
이용후경과월_할부,-0.020280890635781063,-0.012768325236816307,-0.023515288526610688
이용카드수_신용체크,0.023772542831507565,0.007737300701700798,0.024966430071527265
_2순위카드이용금액,0.024855888317998148,0.0059189173466950885,0.02532418475977706
이용후경과월_CA,-0.019861689511280305,-0.012927640893377204,-0.02318129406591635
이용개월수_온라인_R6M,0.02126395196453206,0.010906583989085599,0.023763871791438414
카드론이용건수_누적,0.021180427487733237,0.010647973496555229,0.023593005239450907
잔액_신판ca평균한도소진율_r6m,0.018515628230795406,0.014437777766517215,0.022467602954881972
연체입금원금_B2M,0.014383298693203933,0.020022312348464726,0.02061739410984744
카드론이용월수_누적,0.021334994063833653,0.010045305988503445,0.023520731420953345
연속유실적개월수_기본_24M_카드,0.022015613902952782,0.00858792790741312,0.023632331682084746
신청건수_ATM_CA_R6M,0.021458590527000224,0.008240222667111264,0.02298754566863123
쇼핑_아울렛_이용금액,0.018465407236248982,0.0108157228520444,0.021119388378886227
이용개월수_페이_온라인_R6M,0.0191145981521484,0.009518165482830299,0.02125907743606884
가맹점매출금액_B2M,0.024080192490345965,0.0023626628280812604,0.02332253672912298
가맹점매출금액_B1M,0.024023766494377027,0.00225884112969678,0.023232573809937426
방문후경과월_PC_R6M,-0.018795456658980265,-0.008661054777051634,-0.02065328199243054
여유_기타이용금액,0.019150199987697646,0.00805363321913002,0.020766121990468227
카드론이용금액_누적,0.018160770908969708,0.00888567412360803,0.020141641592956373
이용개월수_간편결제_R6M,0.018100587658691852,0.00896543319498629,0.02011412960417802
교통_철도버스이용금액,0.01960469359922816,0.006482047231293695,0.020625649138610865
_2순위납부업종_이용금액,0.01622742919236829,0.010586286594910753,0.01894828544779747
_2순위카드이용건수,0.02002313155578784,0.004560438688150318,0.020325768818068392
이용가능카드수_신용체크,0.018119725034262135,0.00675546687676403,0.019337986072970655
선입금원금_B0M,0.006308692497147251,0.022652542049046237,0.014026486808812159
_1순위납부업종_이용금액,0.01563632885047924,0.009255977362512656,0.017918662654699734
선입금원금_B2M,0.006381391742964383,0.022332358780529218,0.013979299366734822
납부_보험료이용금액,0.014552964987984597,0.010512378339921214,0.017358979893528487
이용여부_3M_해외겸용_신용_본인,0.01740377378104143,0.006337024679949105,0.01851946051722529
홈페이지_금융건수_R6M,0.011324440884539072,0.014777887907618907,0.015878374930218046
연체입금원금_B5M,0.007838845605789997,0.01968235499783816,0.01438741622686414
납부_통신비이용금액,0.014614976388739275,0.010037682413176043,0.01724630382227634
유효카드수_신용체크,0.017072017454457647,0.006532806700708228,0.018280178692387013
신청건수_ATM_CA_B0,0.019889625259526773,0.0023934710950299955,0.01942261403537885
선입금원금_B5M,0.006553515765388761,0.020735827499086035,0.013566332914883905
이용금액_선결제_R6M,0.0052404246224830265,0.022099510984587928,0.012830794056630937
방문월수_PC_R6M,0.015006479258087594,0.00818285035473489,0.016945277081879286
평잔_RV일시불_해외_6M,0.011679127126468543,0.012230918999904666,0.015294314540628596
홈페이지_금융건수_R3M,0.010651545362036535,0.013249846929518763,0.014701372231885427
이용여부_3M_해외겸용_본인,0.015742297976771003,0.005593473482974015,0.016701685262581693
평잔_RV일시불_해외_3M,0.010569763902954797,0.012539922270488653,0.014369982736410268
_3순위납부업종_이용금액,0.012781606583431715,0.008975402687148817,0.015153588694462686
최종이용일자_CA,0.01395810316088942,0.007172796681241895,0.015603948394547299
이용건수_C페이_B0M,0.014510559146734657,0.006128423272584021,0.015744321024211808
평잔_CA_해외_3M,-0.0001662724657523718,0.026703164263964456,0.009438823343350753
이용금액_C페이_B0M,0.014902945388705718,0.0054810708932671965,0.015877946090956566
이용개월수_신용_R12M,0.014550712416357739,0.005798256039630982,0.015663171853463016
이용금액_C페이_R3M,0.014471694589741,0.005828397567376236,0.015600255087533502
이용건수_C페이_R3M,0.014029960183583375,0.006294419849601185,0.015355425253807623
이용개월수_신판_R12M,0.014284276869403685,0.005859893303570207,0.015436656921714602
방문횟수_PC_B0M,0.013190439301973025,0.007390996049885437,0.014965894991157603
이용개월수_일시불_R12M,0.014234267109151632,0.0058873709244360055,0.015399855838087291
이용가능여부_해외겸용_신용_본인,0.014715266263851135,0.005190914258438845,0.0155985396122968
최종카드론_대출이율,0.013037584356999806,0.007544696849314618,0.014878459976125247
상담건수_R6M,0.012146358266949828,0.008782982461875994,0.0144915878773311
포인트_포인트_건별_B0M,0.013369183162215527,0.007010972450275037,0.014996177711946338
포인트_포인트_건별_R3M,0.013413872276079234,0.006839110444572055,0.014976138210124008
잔액_신판최대한도소진율_r6m,0.011962049671794147,0.00890362568270042,0.014362920618727041
방문일수_PC_B0M,0.01295868613573384,0.007159155803513036,0.014666306999867948
이용금액_C페이_R6M,0.01369648880042716,0.005848889649356279,0.014884129976777918
할부금액_무이자_12M_R12M,0.013812485131216473,0.005433529348621587,0.014843155509594525
인입횟수_IB_R6M,0.011387693190458976,0.008683347503739969,0.013747740310175132
홈페이지_선결제건수_R6M,0.006912057400716867,0.015024445965924395,0.011848949870069975
인입일수_IB_R6M,0.011508080266745028,0.008322951282673522,0.013730611337675008
홈페이지_선결제건수_R3M,0.007127913346669315,0.014114817194778301,0.011723590395378795
이용메뉴건수_IB_R6M,0.011620254103470349,0.0075425308845645175,0.013554909373612256
이용금액_선결제_R3M,0.00403010648364097,0.018317979841310394,0.010342581599092626
선결제건수_R6M,0.005653045288778947,0.015978510705464747,0.011016712931377933
포인트_적립포인트_R12M,0.011461031064557618,0.007561518617116982,0.013413130950243091
RP건수_통신_B0M,0.012930956694694162,0.0054122516059149865,0.014012793913013657
보유여부_해외겸용_신용_본인,0.013190963705138906,0.004588360887650631,0.01395944420067761
이용건수_C페이_R6M,0.012589411569041354,0.005388572966920096,0.013685527787816745
잔액_신판최대한도소진율_r3m,0.009972060152864814,0.008868612203754324,0.012493114414053767
인입월수_IB_R6M,0.010402205362418846,0.007869251020213443,0.01253550843163566
선결제건수_R3M,0.0050680671993589025,0.015240571159476534,0.010205632519448499
RP건수_B0M,0.012047395181926346,0.005076028067579166,0.01306738009078255
이용개월수_오프라인_R6M,0.01199603947145217,0.004939940569615356,0.012970556625407602
CA이자율_할인전,0.008862680229241299,0.009377897148849738,0.011640724898983426
이용개월수_전체_R6M,0.01209413158667215,0.0046558877766921065,0.012960049034715475
잔액_신판평균한도소진율_r3m,0.008992652281944064,0.008921082991610943,0.011597900075642813
불만제기후경과월_R12M,0.012059681011163087,0.004448840618488138,0.012853508244459603
이용개월수_C페이_R6M,0.011703222245027132,0.004948144412512489,0.012700222340570416
인입일수_ARS_R6M,0.01017374690988552,0.007098361728397881,0.012045323987691205
잔액_신판평균한도소진율_r6m,0.009054428865675009,0.008525396160464436,0.011513391507474274
이용개월수_신용_R6M,0.011778679418791928,0.0046415136007435945,0.012660478002336531
컨택건수_이용유도_청구서_B0M,0.01162520071524373,0.004757997076667301,0.012559089277636725
증감율_이용건수_할부_전월,-0.01067050677111661,-0.006007997983433079,-0.01211719272251582
이용후경과월_신용,-0.011639242077482738,-0.004514396670280822,-0.01248467228876804
최초카드론이용경과월,-0.01011483818223936,-0.0066710442821683175,-0.011836817330741703
이용개월수_일시불_R6M,0.011357622897156274,0.004701073206685033,0.012288911238077347
이용개월수_신판_R6M,0.011368952527165516,0.004679970584946508,0.012291903185489908
이용금액_선결제_B0M,0.0031636457275754544,0.016349884502752397,0.008826823247751078
인입월수_ARS_R6M,0.009497384003675655,0.0071863317481888535,0.011445691112129534
이용개월수_전체_R3M,0.01136519661029388,0.004474185540215051,0.012214462701854457
이용후경과월_신판,-0.011177491543756628,-0.004600186362569205,-0.012084550466170964
최초한도금액,0.013957495939058987,0.0005687920445433135,0.013230672638006818
이용개월수_신용_R3M,0.01114522862578381,0.004373843716178733,0.011973118834832274
최종이용일자_할부,0.010833509525247136,0.004813586339474221,0.01184018843078957
이용개월수_일시불_R3M,0.010812821585826232,0.004451907530361299,0.011690935515217927
이용개월수_신판_R3M,0.01082322236127369,0.004418403378085942,0.011688604913339317
청구서발송여부_B0,0.01094445633455726,0.004211796440712291,0.011727520268926915
할부건수_무이자_12M_R12M,0.013169690144892004,0.0009290707387637929,0.012624867816929064
이용횟수_선결제_R6M,0.0032266734306127965,0.015052343322109118,0.008419461059342144
한도증액금액_R12M,0.011500491788262538,0.0032786749546748744,0.011911204526340596
이용가능여부_해외겸용_본인,0.010923105329392216,0.003676274417441661,0.011515189548397652
IB문의건수_사용승인내역_R6M,0.00991023351090232,0.0047456353069081645,0.010954095528530734
이용개월수_당사기타_R6M,0.006050330756253638,0.01005896703806521,0.00926069971271836
RP건수_전기_B0M,0.007392556927182775,0.007944852284222311,0.009753812366523349
RP유형건수_B0M,0.009510274846925437,0.004899310797224546,0.010636033340727961
최종카드론_대출금액,0.007909952982711825,0.007174834272037049,0.009960035437012703
할부금액_유이자_6M_R12M,0.010342547839138658,0.003676984254078739,0.010973619253241196
인입후경과월_IB_R6M,-0.009277864608796893,-0.00513975128598265,-0.010505514728824389
RP후경과월_통신,-0.00987553408236224,-0.0042414515724565165,-0.010740566256929854
RP후경과월_교통,-0.0107689619531076,-0.002648161435209138,-0.011001946021365004
이용금액_D페이_R6M,0.004916523884351166,0.01084216892655295,0.008483926707275284
RP금액_B0M,0.008045046296132848,0.006304404292166071,0.009773384920185172
청구서발송여부_R3M,0.00973226910908001,0.003903939214803564,0.010485596695375991
보유여부_해외겸용_본인,0.010024494152342842,0.0033076328651934395,0.010544082853917836
이용건수_선결제_R6M,0.0012890879121746947,0.015673454726381143,0.006834297457552071
승인거절건수_기타_R3M,0.008350161004086585,0.00548818341123415,0.009764889169380868
평잔_CA_해외_6M,-0.00029938842207345636,0.017170409624163743,0.0058896280611172745
여유_Pet이용금액,0.009375761271334099,0.0037817717632909714,0.010108980709837097
이용개월수_결제일_R6M,0.011935157140209375,7.512434075395424e-05,0.011165888514775181
이용횟수_선결제_R3M,0.0027694305535046985,0.012940243491484144,0.007233881006803799
포인트_적립포인트_R3M,0.006942517389085164,0.006998766838711396,0.008993884657422388
이용후경과월_일시불,-0.009234625601139126,-0.0035657118430864557,-0.00989963423503265
이용개월수_선결제_R6M,0.0025897256365257472,0.012873580647191539,0.007042214335427935
이용개월수_결제일_R3M,0.011354811648397588,0.00022199542890449304,0.010677029381590831
인입횟수_ARS_R6M,-0.005646220595607805,-0.00816705773524411,-0.008203818397806317
인입횟수_ARS_B0M,0.0065595472654030335,0.006822232347400105,0.008573038656331827
연속무실적개월수_기본_24M_카드,-0.00891530551667434,-0.0034458931099202467,-0.009558568859985715
RP후경과월_전기,-0.006328758896892585,-0.0070849917935468,-0.00845205254049998
방문횟수_앱_B0M,0.0035762960440718617,0.010879879577989793,0.007246661599777381
컨택건수_이용유도_TM_R6M,-0.009532299353719903,-0.0023448241863630102,-0.00973880391243991
승인거절건수_R3M,0.00573608951124662,0.0076930047714252,0.00811737232028029
상환개월수_결제일_R6M,0.010392169840101665,-0.0021932909571475753,0.008910838434710853
RP후경과월_렌탈,-0.008938557616323598,-0.0030576534575952607,-0.009440781634094767
이용건수_D페이_R6M,0.003740816000201247,0.0102679949558896,0.007180365561134219
최종카드론_대출월수,0.007508355318346524,0.004771409626388684,0.008721720039504567
이용횟수_선결제_B0M,0.002569066435530459,0.011733246968680233,0.006613230494917567
방문후경과월_앱_R6M,-0.004754582361771576,-0.008489950682974388,-0.007487676289481635
인입일수_ARS_B0M,0.006340347337905787,0.006100129392160318,0.008109023170073339
방문일수_앱_B0M,0.0031738185983136115,0.010545056085901507,0.006750739110923227
최종카드론이용경과월,-0.006397589430984403,-0.0059281062534914195,-0.008100641277232064
이용금액_D페이_R3M,0.004138991602602439,0.009102112384222613,0.007133094473138197
이용메뉴건수_ARS_B0M,0.006454448626357011,0.005784271289760515,0.00810202957438762
방문일수_앱_R6M,0.0027659788722966907,0.011024426437953197,0.0065423383975303
이용개월수_D페이_R6M,0.0039380552645236905,0.00930760679740471,0.007019394421598096
최종이용일자_카드론,0.0063353496782613235,0.005894917624545196,0.008030629756042889
상환개월수_결제일_R3M,0.009717295320392009,-0.0022135608858177454,0.00827370583372888
IB문의건수_CA_R6M,0.006406008475498277,0.005689354747989235,0.008022719195631023
RV현금서비스이자율_할인전,0.0047139248946713695,0.008079752690391049,0.007302353986764645
RP후경과월,-0.008295250211281456,-0.0028527266100301894,-0.008766765972823554
RP건수_교통_B0M,0.008750935426216036,0.0020976074149493544,0.008920748167337641
청구서발송여부_R6M,0.00787163666866782,0.0032947837469393753,0.008530237782626928
이용건수_D페이_R3M,0.0035125858435984475,0.009490760413276317,0.006688114439156815
포인트_이용포인트_R3M,0.0045569709514858845,0.007674479364080564,0.007010263332075131
이용금액_D페이_B0M,0.003875041806779252,0.008458333372610932,0.006655455117274093
RP건수_학습비_B0M,-0.0004514614575547512,0.013882703866833922,0.004566482642560156
방문월수_앱_R6M,0.0037158460263340865,0.008156005785370709,0.006398258882666916
이용건수_카드론_R12M,0.006663701199793351,0.003955207400660936,0.007640169525955174
방문횟수_앱_R6M,0.0019309347430368053,0.010508477829608598,0.005577632870084999
포인트_이용포인트_R12M,0.00337282037909841,0.008260761977601045,0.0061157555086453035
이용건수_선결제_R3M,-0.0003976343592586274,0.01290923379428875,0.004266967032083059
이용건수_D페이_B0M,0.0030406739748903523,0.00839169637362284,0.005852810957195778
할부건수_12M_R12M,0.008726032126359161,0.00020090420941148586,0.008216052381849822
연령,0.008311369132144692,-0.0011324907027386649,0.007349987203409931
교통_버스지하철이용금액,0.0074016887727130715,0.001746737009322574,0.007535455228968294
상담건수_B0M,0.004560987114635906,0.00576591231284695,0.0063282951517178
Life_Stage,0.00685103484329824,0.0024677769861851206,0.007280596105476852
컨택건수_이용유도_EM_R6M,0.004709125727131532,0.0053894079891840425,0.006331278885401086
할부금액_12M_R12M,0.0073396862431581505,0.0015972086771183737,0.0074238661837641344
컨택건수_이용유도_LMS_B0M,0.004870057084070702,0.005107581651562539,0.00638021811559432
컨택건수_이용유도_EM_B0M,0.004703913846628186,0.005231748964553671,0.006269770452140322
인입횟수_IB_B0M,0.0043396245425364145,0.005748078966331268,0.006115293661578958
이용금액_A페이_R6M,0.003941918815726087,0.006312159373472941,0.0059467857670515226
수신거부여부_SMS,0.007763613381442857,0.0007585956395056025,0.0075182111072865454
할부건수_유이자_6M_R12M,0.006023425616299655,0.002843808911365248,0.006643303229992505
회원여부_이용가능_CA,0.006664455046184098,0.0018655199747632616,0.0068900831371087315
컨택건수_카드론_EM_B0M,0.00795120221446734,-5.937523583984232e-05,0.007399401530987597
IB문의건수_선결제_R6M,0.0038462508734808656,0.0058098121223492255,0.005677015342374505
이용금액_페이_오프라인_R6M,0.0039261393222363855,0.0056402184256326305,0.0056906418011671515
이용금액_페이_오프라인_B0M,0.004266530595834866,0.004978593157657635,0.005770612756456497
남녀구분코드,-0.007529349289604339,-0.00028880118601272,-0.007130786718364637
이용금액_페이_오프라인_R3M,0.0040009352859498425,0.005214472870959148,0.005607484419491943
일시상환론한도금액,0.007548550904057087,5.2864865342877684e-05,0.00706393929163695
최대이용금액_할부_유이자_R12M,0.0056104958917169165,0.0027909515647489536,0.00623893153811044
수신거부여부_TM,0.00700035593670477,0.0007550846584677847,0.006804613300361448
납부_가스전기료이용금액,0.0037230938249713788,0.005375231806022847,0.005405937292678959
평잔_RV일시불_6M,0.005094012180456279,0.003396936988198127,0.0059746257630373155
인입일수_IB_B0M,0.003909834449843618,0.005006766688940412,0.005447836040792583
이용금액_A페이_R3M,0.0037699872876083896,0.005148209058532138,0.005368136738239634
여유_공원이용금액,0.004162163771605444,0.0045673715295396,0.005525463720734434
RP후경과월_학습비,0.0007477479837370855,-0.010407601994969687,-0.0030414166956333182
이용건수_B페이_B0M,0.0060033087123998255,0.0018645425576893273,0.006272694318346537
이용금액_B페이_B0M,0.0056885592310820425,0.0022977283640087374,0.006134579951479033
월중평잔_RV일시불,0.004610048687166366,0.003825542475795728,0.005676940943247281
이용금액_A페이_B0M,0.003812370443352598,0.004926603336332894,0.005328073031232208
이용메뉴건수_IB_B0M,0.004052214163397095,0.00452024530378849,0.005405917782468474
이용금액_카드론_R12M,0.005399775827889385,0.0025222724038870123,0.005945737806664907
이용건수_페이_오프라인_B0M,0.004113721524603667,0.004310990339013338,0.005388139822431936
이용건수_페이_오프라인_R3M,0.00404113478444213,0.0042828001042774936,0.005310267457796595
이용건수_B페이_R3M,0.00574281694707763,0.0017959269222427117,0.006004928925347317
이용건수_페이_오프라인_R6M,0.0038919646513813837,0.004360539084006134,0.005198979602113425
이용개월수_카드론_R12M,0.004986606419123327,0.0028035044419220207,0.005661175181463306
할부금액_무이자_14M_R12M,0.006813691931832346,-0.0002701227732936173,0.0062620626895459955
RP건수_렌탈_B0M,0.004585291460925284,0.0032846989161276815,0.005459519309729814
평잔_RV일시불_3M,0.0045988361453490135,0.003213389612707737,0.005446540107349015
이용건수_선결제_B0M,-0.00193983585534814,0.00965189159217861,0.0016573453392671781
이용건수_A페이_R6M,0.004195746776004064,0.0037508182212648844,0.00526343219446885
이용개월수_페이_오프라인_R6M,0.003866706504847752,0.003985486718838992,0.005040656486621533
동의여부_한도증액안내,0.0021692183040159397,0.006282851620462526,0.004281822005008987
수신거부여부_메일,0.0064468233160134445,-0.00035129752406542927,0.005890505145753298
최대이용금액_카드론_R12M,0.004967671596856857,0.0022492205288351576,0.00544435861205677
RP후경과월_보험,0.00017255753759122362,-0.009205776299886167,-0.0031464370573335413
IB문의건수_정보변경_R6M,0.005894691110772435,0.0007380467479221611,0.005766591978878436
이용금액_B페이_R3M,0.0050681074225258005,0.001874984326471189,0.0054036369707573485
방문횟수_PC_R6M,0.0028057942962062426,0.005082541804483151,0.004444677177693581
승인거절건수_한도초과_R3M,0.002339965066213761,0.005712558579956538,0.004236280511803334
CL이자율_할인전,0.0031464586863783617,0.004557450671662184,0.004573957472747241
이용건수_A페이_R3M,0.003783910917168482,0.003516355254427857,0.00479483351120667
변동률_RV일시불평잔,0.0046322745094789924,0.0020944082510387894,0.00507571622014803
IB문의건수_결제_R6M,0.00029786905219478525,0.008107852183740537,0.0031910130415070226
이용건수_A페이_B0M,0.0035970032032480136,0.0034138049981429124,0.0045835508304874345
변동률_RVCA평잔,0.004708802430825553,0.0018132148525546736,0.005046110433661565
컨택건수_이용유도_청구서_R6M,0.005189863358312658,0.0010913970987402677,0.00523574004234595
이용개월수_A페이_R6M,0.003689601504368623,0.003165047568428272,0.004580596985114887
탈회횟수_누적,-0.005337588772207121,-0.0007221743440249441,-0.005240954290799978
수신거부여부_DM,0.0056955458747085935,-0.00037493021129629284,0.0051808586963442505
인입후경과월_ARS,0.00517701985620289,0.0008318545644973882,0.0051305040839093735
잔액_리볼빙CA이월_B0M,0.005706640415105989,-0.00013125328552984658,0.005278762126570291
회원여부_이용가능,0.00449127403277171,0.0017283939381950075,0.004812619799698778
청구서수령방법,0.0052069133864725585,0.000596434867331712,0.005073820871103576
이용건수_B페이_R6M,0.004608071701950758,0.0014256980375131295,0.004812871654647517
이용금액_B페이_R6M,0.004415210438333787,0.0016652522929868979,0.004718945080170812
거주시도명,-0.004919385731097478,0.001962315783272812,-0.0038861591983421866
RV일시불이자율_할인전,0.0018937155967648353,0.005218964521384444,0.0036424626458575753
방문횟수_모바일웹_R6M,0.004983892355009967,0.0007196936328838422,0.004909963616088192
방문월수_모바일웹_R6M,0.004632811197792018,0.0010474884535818301,0.004700076229399398
증감율_이용금액_일시불_전월,0.003563388328274768,0.0025595118140014387,0.004245245252770864
증감율_이용금액_신판_전월,0.003650850902855021,0.0023875874616644593,0.004265103160258742
컨택건수_이용유도_인터넷_R6M,-0.0031674087039759973,-0.003059910329412448,-0.004055468458312245
최종이용일자_일시불,0.0041720568063995265,0.0016052214057240895,0.004470445456201782
탈회횟수_발급1년이내,-0.004769273955502668,-0.000714347049146905,-0.004707742644154528
IB문의건수_카드발급_R6M,0.00233257235328223,0.004075114218521109,0.003641074477685394
최종이용일자_신판,0.004067816934378135,0.0015654453365393664,0.0043588691154469875
최종이용일자_기본,0.004049338255699601,0.00155832441300166,0.004339064820987862
방문일수_모바일웹_R6M,0.004806683207308682,0.00048073980465758735,0.0046587249221385265
한도증액횟수_R12M,0.0038496445963584606,0.0018269600200439993,0.004249210123256148
이용카드수_체크,-0.0037927450284992695,0.004013496781084397,-0.0020977276307284454
이용후경과월_체크,0.004137243528263899,-0.0028854558326144295,0.0028245291073023134
이용개월수_체크_R3M,-0.003884903843554795,0.003607135569608131,-0.0023297368534041484
이용개월수_B페이_R6M,0.003973376920583274,0.001569852523807344,0.004272313140131082
이용개월수_체크_R6M,-0.0038400910538245927,0.003498621657673963,-0.0023269010137980392
RP후경과월_제휴사서비스직접판매,0.0038245043437916855,0.0016645491636024738,0.004167395594379799
RP건수_보험_B0M,-0.0009196208760637426,0.007026080282917802,0.0016660858644417177
대표청구서수령지구분코드,0.004837255893331908,0.00016966390777832402,0.0045754935404494585
RP건수_제휴사서비스직접판매_B0M,-0.003757585855337484,-0.0016393146303178574,-0.004095875255786968
탈회횟수_발급6개월이내,-0.0041488234062934505,-0.0010524608989639407,-0.0042501644251318514
이용건수_부분무이자_R6M,0.002747745356342397,0.002982732954133762,0.0036360745982945697
할부금액_유이자_3M_R12M,-0.004550498209877001,-0.0003556668956730825,-0.004374694809474488
증감율_이용금액_신판_분기,-0.003813146834427809,-0.0013939790193499256,-0.004059584453098121
방문일수_PC_R6M,-0.004488789384146474,0.000905022100768873,-0.0038641583247042933
컨택건수_카드론_EM_R6M,0.002695824937979642,0.0029541833360491026,0.0035773606717407766
유효카드수_체크,-0.0033196269450830396,0.0042238600907571495,-0.0015805938010188397
일시불ONLY전환가능여부,0.001483901608932461,-0.006597860211631345,-0.0009855990321416316
변동률_카드론평잔,0.0044598623367722665,-0.0006409832845846973,0.0039320259145966836
할부금액_14M_R12M,0.004288089096401957,0.0005123134990623453,0.004186072961548649
이용가능카드수_체크,-0.0034272162712693927,0.0036691707649611108,-0.0018802959059865318
증감율_이용금액_신용_분기,-0.003387653780922871,-0.0017783743809304535,-0.0038005852274535065
강제한도감액횟수_R12M,0.0038581339913224457,0.0010802261559550673,0.003988844084608507
방문후경과월_모바일웹_R6M,-0.004374020112659581,0.0005900941590650388,-0.0038701943108811676
이용후경과월_카드론,-0.00432064012575583,-0.0002679418311862448,-0.004128653657329701
할부금액_부분_12M_R12M,0.003548482104881919,0.0013133598652935667,0.003783611832495498
이용개월수_체크_R12M,-0.003320876568331719,0.0034418543373459184,-0.0018627217180413567
이용금액_부분무이자_R12M,0.0035297860220139476,0.001306350990090951,0.003763644895171898
이용메뉴건수_ARS_R6M,-0.002479341804145772,-0.0027852391905191193,-0.0033146214886638843
이용금액_연체_R6M,0.0012928952801755168,0.00447061007376057,0.0028128550273373754
신청건수_ATM_CL_R6M,0.004374148637740462,-3.603554577680066e-05,0.00406937830748365
이용금액_카드론_R6M,0.0040279391233047895,-0.0010374252107378265,0.003386483667415804
최대이용금액_부분무이자_R12M,0.0034194184278710524,0.0013040696477233885,0.00365982087795608
할인금액_청구서_B0M,-0.0031928844023148654,0.003438215396562891,-0.0017445760197355798
컨택건수_이용유도_LMS_R6M,0.0015011729123327467,0.0039212391564189385,0.0028098574856014746
컨택건수_이용유도_TM_B0M,-0.003343402426570521,-0.00128665417537766,-0.0035826192298811918
이용개월수_카드론_R6M,0.0038526278914420334,-0.0011496811360296847,0.003182536718592523
한도증액후경과월,-0.00275402103318357,-0.0020936631493217958,-0.0033225035942076836
이용개월수_부분무이자_R12M,0.00334559091864755,0.0012020311881414392,0.0035542580836023098
이용금액_부분무이자_R6M,0.002388045236843969,0.002540461667272561,0.0031414713206355414
이용건수_카드론_R6M,0.003739576749700388,-0.0010336313947296354,0.0031187225784968953
변동률_CA평잔,0.0030576866027145506,0.0014479121930171001,0.0033739023940374106
증감율_이용건수_CA_전월,-0.003730557238193961,0.0006609584557378953,-0.003244199997568496
할인금액_B0M,-0.003115857557533579,0.002367601002167838,-0.002057342004984953
컨택건수_카드론_LMS_R6M,-0.0038169602879224765,0.00012835785876115743,-0.0035161931654080036
이용개월수_부분무이자_R6M,0.002452863764754104,0.0019444066393206345,0.0029878127908024923
평잔_카드론_3M,0.000976205127864042,0.003925882698125724,0.0023215815180071073
이용개월수_할부_유이자_R6M,-0.0024050587752481186,-0.0018919747845125721,-0.002924359239849623
컨택건수_카드론_TM_R6M,-0.003317705461272042,-0.000529690020833444,-0.003286672016635938
할인금액_청구서_R3M,-0.0024433518747178466,0.0037076809601281485,-0.0009482344068744669
이용건수_체크_B0M,-0.002850506602402211,0.002429295665045804,-0.001787528195634268
이용금액_부분무이자_R3M,0.0016858685772981408,0.0027778915278631284,0.0025714453036635295
잔액_카드론_B5M,0.0010249972734856835,0.0037085282906880557,0.0022890266488382284
잔액_카드론_B1M,0.0016754167274301152,0.0027569582617318574,0.002554169779398007
증감_RP건수_렌탈_전월,0.0031035832299524868,-0.001452817044656892,0.002374553228558992
잔액_할부_유이자_B0M,0.0029660143200676004,0.0008731960432831697,0.003081860114848601
할인건수_R3M,-0.0021626554559496013,-0.001961951582385745,-0.002723269470389069
이용금액_체크_B0M,-0.002720998387900576,0.0024690205565665617,-0.001652387688887056
이용개월수_카드론_R3M,0.0033666322129305543,-0.00048679702997405814,0.0029671277034763596
이용거절여부_카드론,-0.0017715301060545355,-0.0024930241925862156,-0.0025490437873310094
카드론동의여부,0.001771530106054535,0.0024930241925862156,0.0025490437873310094
월중평잔_카드론,0.001582440939421305,0.0027241520507368293,0.0024556101882028856
이용개월수_할부_유이자_R3M,-0.002344652826176045,-0.001601681992191766,-0.0027636859288185985
이용후경과월_부분무이자,-0.002695118785715802,-0.0010937605864341435,-0.002908282674400145
이용건수_체크_R3M,-0.0026459459588076585,0.002449429847730669,-0.0015893810333630638
평잔_카드론_6M,0.000676162426492496,0.003950540301540529,0.0020504153716776304
할부건수_유이자_3M_R12M,-0.0034257579204913387,-2.6405139144734562e-05,-0.0032066938171537236
최종탈회후경과월,-0.0027847259959487354,0.0018981865226760605,-0.0019169548557561504
소지여부_신용,0.002682704243179876,0.0010323951996802365,0.002874648810839641
월상환론한도금액,0.0025926707522694365,-0.0023957670025054945,0.0015589402748844843
할인금액_R3M,-0.0024981521494177325,0.0026789322031462596,-0.0013689909767776948
이용금액_체크_R12M,-0.0026167724805534966,0.0022230084972524058,-0.001643503303251532
이용금액_카드론_R3M,0.003176903288421985,-0.00047254412050713696,0.002795177465639511
잔액_카드론_B2M,0.001636844643767568,0.0024081820284403348,0.0023928615495047846
변동률_할부평잔,0.002146958531232886,0.0016553433146759618,0.0025984605213968492
이용금액_체크_R3M,-0.002493304796368635,0.0024664164386345405,-0.0014408203973330087
승인거절건수_BL_R3M,0.0015305025635032885,0.002524697294370526,0.002335476127994321
이용건수_카드론_R3M,0.003092017253544304,-0.00045255821556313954,0.002723135245299473
연체일수_최근,-0.002548279933437625,-0.0009806641851821689,-0.0027306065880974783
금액_할부전환_R6M,-0.0003392243080287729,0.0045481218815849895,0.001317471759067498
건수_할부전환_R6M,-0.0004196938516118988,0.004537079282837279,0.001238403356358946
잔액_카드론_B0M,0.0014693369104311841,0.002462154643775973,0.002255920635557307
카드신청건수,-0.002441251774469031,-0.0010732175687020698,-0.0026639717540606813
컨택건수_카드론_TM_B0M,-0.0028531703123538302,-0.0004525942117995441,-0.0028254293037933815
마케팅동의여부,-0.0027094491442902196,0.0012833395194692685,-0.0020676044379764895
변동률_잔액_B1M,-0.0030903569367876976,0.00011499563343982593,-0.0028428663196627146
이용개월수_부분무이자_R3M,0.001831747468497624,0.0018409597877498064,0.002370967823208072
잔액_카드론_B4M,0.0012208110229126805,0.0027091953659368366,0.002112732891401366
이용건수_체크_R6M,-0.0023369350451537822,0.0023532665954170504,-0.0013355357837571901
잔액_카드론_B3M,0.0013754973991723354,0.0024471266998085683,0.002162942380512271
증감율_이용건수_체크_전월,0.0020854656298509504,-0.0029151999048864312,0.0008989499737711687
이용금액_연체_R3M,0.0005613449794184175,0.0034921228363683954,0.0017785562518499156
금액_할부전환_R3M,-0.0005679986316191484,0.004258616959287863,0.0009999459164192653
최종연체회차,0.0015492779494025186,0.002040843785572172,0.002179158385750123
건수_할부전환_R3M,-0.0005980411634924588,0.004213186432879485,0.0009555852533535307
증감율_이용금액_일시불_분기,-0.00242454141317934,-0.0007836682634683844,-0.002544345981925818
증감율_이용건수_CA_분기,0.002437219521905566,0.0007626178834000374,0.0025486152132352673
이용건수_체크_R12M,-0.002296219497835686,0.002013649363918513,-0.0014195554167589555
변동률_잔액_CA_B1M,-0.002483968961670331,-0.0005451213273793727,-0.002514102846657395
이용금액_체크_R6M,-0.0020912781473662483,0.0023269093383912406,-0.001115737724144801
회원여부_이용가능_카드론,-0.0003806027453803352,-0.0034898899452492273,-0.0016090700792523833
증감율_이용금액_할부_전월,-0.0020487319872931776,-0.0010751115952625761,-0.002298319599035916
잔액_리볼빙일시불이월_B0M,0.0016662221275786926,0.0015863571749997981,0.0021250110973944
대표청구지고객주소구분코드,-0.0013121498756310996,-0.0020818290530003765,-0.0019725757465821154
최종이용일자_체크,-0.0016832604840578502,0.0027999677028739053,-0.0005649791450295774
이용건수_부분무이자_R3M,0.0011891021860548395,0.001997071349403185,0.0018272852073242414
이용건수_할부_유이자_R6M,-0.001860205456300037,-0.0010295691436360253,-0.0021060080575886577
컨택건수_신용발급_TM_R6M,-0.0020273046853219387,-0.0007801753140461875,-0.0021723561282183806
포인트_포인트_월적립_R3M,-0.0014559836042813566,0.0033002829342573745,-0.0001731102051150578
IB문의건수_분실도난_R6M,0.000946551373146358,0.0022673012474799317,0.0016980053931876522
IB문의건수_선결제_B0M,2.6066025430024515e-05,0.0034983464798070837,0.0012812247334752483
변동률_일시불평잔,0.001834836838324086,0.000884350311414214,0.002030157207217807
RV_최대잔액_R12M,0.0018235715883095501,0.0008405769430648988,0.0020039164802639264
증감율_이용금액_카드론_전월,-0.002283550781909954,0.00026919650032044586,-0.0020344848049096216
IB문의건수_결제일변경_R6M,-0.0017809036815269606,-0.0008346195181869365,-0.0019619547790081797
대표결제일,0.001659078122642396,-0.0019470027998041634,0.0008488662265257326
연체건수_R3M,-0.00011687925626728981,0.003264165381726841,0.001063678738370904
캠페인접촉건수_R12M,-0.001780511334178805,0.001408398051431267,-0.0011557096944103556
포인트_포인트_월적립_B0M,-0.0014314418335659124,0.0024378048261379094,-0.0004600797918458282
증감율_이용금액_체크_전월,-0.0008245200891175398,-0.0019423126189451103,-0.0014673524730604275
할부금액_유이자_12M_R12M,0.0017997451084354246,-0.0010931893555884383,0.0012869095211914714
증감율_이용건수_체크_분기,-0.0005617578925703721,0.00303775514972119,0.0005671349555999934
연체감액여부_R3M,-0.0016831098671180465,-0.0006477175230050023,-0.0018035345455333835
컨택건수_포인트소진_TM_R6M,-0.0016290719638013807,0.001379870381490485,-0.0010246231893759573
컨택건수_부대서비스_TM_R6M,-0.0013265530413634574,0.0022737597017064345,-0.00042112738937787893
강제한도감액후경과월,0.0020209312261745003,-0.00011434346978773503,0.0018450221535747673
최대이용금액_체크_R12M,-0.0017662739222249434,0.0008734286125272858,-0.0013346277612224977
IB문의건수_CL_RV_R6M,-0.0013049322330930947,-0.001042003013785848,-0.0015922474281380734
증감율_이용금액_체크_분기,-0.0005827378270249682,0.0028632348399377883,0.0004848524620670782
이용건수_할부_유이자_R3M,-0.001483439862751091,-0.0007559271700444142,-0.0016560635449703336
납부_관리비이용금액,-0.001011190169231576,-0.0013743356848123878,-0.0014375041047238735
RV_최대잔액_R3M,0.0014939344817289707,0.0006728642883985032,0.0016360148984736359
rv최초시작후경과일,8.42059478470909e-05,-0.002773926764593525,-0.0009180376490485294
컨택건수_보험_TM_R6M,-0.0015445631050879755,0.0012085027828013274,-0.0010073219069021476
이용금액_할부_유이자_R12M,0.0013174021635434362,0.0008694811848155182,0.0015419011971603658
RV_최대잔액_R6M,0.0014805841698077476,0.0005652188006680562,0.0015848800251434417
RV약정청구율,-0.0010090522538804293,0.002556346103639313,-2.3280219400365277e-05
증감율_이용건수_카드론_전월,-0.0017604944641711386,0.0002628852325369992,-0.0015485919659016364
이용후경과월_할부_유이자,0.0016268706950784654,0.0002852126163591399,0.0016208054112319913
증감율_이용금액_할부_분기,-0.0017726185477371108,0.00016184976389317315,-0.0015962075493319732
RV최소결제비율,-0.0006871838939699852,0.0025408147156392802,0.0002715343739574659
이용횟수_연체_R6M,6.854166936236251e-05,0.002474408948395601,0.000952982867453974
RP후경과월_아파트,0.0007957104027942911,0.001400671385330855,0.0012458621502337076
RP건수_아파트_B0M,-0.0007733148188799079,-0.001394481682357481,-0.0012227368407538685
컨택건수_보험_TM_B0M,3.699448095703453e-05,0.002408932024008349,0.0009000155942799723
이용금액_할부_유이자_R3M,-0.0006206042660153352,-0.0015622638810194457,-0.0011404957972225955
연체일수_B2M,-0.00025454291205998577,0.0024246553412840695,0.0006335773802694254
연체건수_R6M,-0.00027481275696872136,0.0024232485475858658,0.0006141544098961094
이용개월수_할부_유이자_R12M,-0.0015559636703494852,-0.00022217758922266342,-0.0015319815445701244
IB문의건수_한도_R6M,0.0004193475772459665,0.0018144970257456506,0.0010432892163483938
월상환론상향가능한도금액,0.0003965078557745696,-0.0023635383601414883,-0.0004791253787190997
증감율_이용건수_할부_분기,-0.0012095754108879453,0.0013838817945286772,-0.0006316723098247458
증감율_이용건수_카드론_분기,-0.0013894762680782627,0.0007858157107448302,-0.001014446196239594
캠페인접촉일수_R12M,-0.0010718780307928865,0.0017203607342145383,-0.0003822701867852713
컨택건수_카드론_LMS_B0M,-0.0012898008289906517,-0.0004963589213305646,-0.0013820846739647176
이용횟수_연체_R3M,-0.00014609332968154126,0.0022942061390730253,0.0006879234693190869
증감_RP건수_보험_전월,0.00036263429526173913,0.0017640726109689102,0.0009722429336071666
연체일수_B1M,-0.0008179034510285659,0.0022372090407877074,4.045536264442313e-05
증감율_이용금액_카드론_분기,-0.0013394349528291622,0.0007895189115490448,-0.0009664129121115058
증감_RP건수_통신_전월,0.000834356483702949,0.001064920928763611,0.001161300384165788
컨택건수_리볼빙_TM_R6M,0.0012648182109087924,0.0004488544731342158,0.0013417012245811135
이용금액_R3M_체크,-0.0011938973646789211,0.0011404124327027655,-0.0007045147247219342
컨택건수_채권_B0M,-0.0011741874378733835,-0.000556090641413237,-0.001295645097658448
연체원금_B2M,-0.0012211709698515343,-0.0004699478335969871,-0.001308544423128603
당사멤버쉽_방문월수_R6M,0.0009048907971458068,0.0008979327516105839,0.0011671328929786981
컨택건수_CA_LMS_R6M,-0.0010845206420563133,-0.0006246959449374607,-0.0012366092084658666
RV_평균잔액_R3M,0.001184719309094947,0.0004769186804257602,0.0012770291611939421
RP후경과월_가스,0.0007669943579737701,-0.0020804215934551815,-3.16369093553148e-05
컨택건수_CA_청구서_R6M,0.001427173335155476,6.509592798013794e-05,0.001355346687682398
이용금액_할부_유이자_B0M,-0.0005903725144138424,-0.0012181462141312232,-0.0009886452157033092
연체원금_B1M,-0.0011367120587545054,-0.0004374451920520149,-0.0012180425689015458
이용건수_할부_유이자_B0M,-0.0011467737392302018,-0.00033243983050466484,-0.0011897062994560565
최종카드론_거치개월수,0.00011854395986059423,0.001769222857033255,0.0007462875960638081
컨택건수_CA_청구서_B0M,0.0012178941661931308,-0.00036921151934979796,0.0010039902320916998
강제한도감액금액_R12M,0.0012303844959693432,-0.00027899651457692875,0.0010480600147156104
증감율_이용금액_CA_전월,-0.0012103776927284249,0.0002957681303041723,-0.0010233622120148385
이용금액_연체_B0M,-0.00037606213270364563,0.0018313716263834298,0.00030700839801618625
당사멤버쉽_방문횟수_R6M,0.0005397671934680859,0.001072613229777138,0.0008891284710852154
컨택건수_CA_TM_R6M,0.0012250608371223149,-0.00018691030092545706,0.0010761765714750512
연체원금_최근,-0.0009944200150462745,-0.00038268640779551256,-0.0010655696843944185
상향가능CA한도금액,0.0006129083405508043,0.0009016569470405291,0.0008959682230715508
RP건수_가스_B0M,-0.0009676519173211677,0.0006220359832283654,-0.0006796073855059729
컨택건수_채권_R6M,-0.0010367124837330466,-0.00019059386789757894,-0.0010360249361749936
컨택건수_이용유도_인터넷_B0M,0.0006795715370200258,-0.0014100744614344413,0.0001276173009054228
할인건수_B0M,0.0007680782127965037,0.000529738670805522,0.0009071618133232125
증감_RP건수_전기_전월,0.00034368729608278277,-0.0015616589670161276,-0.00024032005900558964
최종카드발급경과월,-0.0007243185850987777,-0.0005395083965928757,-0.0008698317295226248
RV_평균잔액_R6M,0.0009331880004737445,0.0002371896385791226,0.0009561482224469486
변동률_잔액_일시불_B1M,-0.0007334842843611795,0.0010044712572652257,-0.00032365972061701876
이용횟수_연체_B0M,-0.00041582770605456384,0.0014698915341169595,0.0001400220173804345
회원여부_연체,-0.00041582770605456384,0.0014698915341169595,0.0001400220173804345
이용건수_할부_유이자_R12M,-0.0007162095985667448,0.0007999538507579081,-0.0003810172266791963
컨택건수_카드론_청구서_R6M,0.0005473009768228902,0.000580486884996667,0.0007193468226360216
이용금액_할부_유이자_R6M,-4.420548824470459e-05,-0.0012497243538579744,-0.0004902614768286199
당사멤버쉽_방문횟수_B0M,0.00018308130443835018,0.0010484175816088365,0.0005475459527726124
증감_RP건수_가스_전월,5.82750788026427e-05,0.001205243651706754,0.0004874112315194546
기본연회비_B0M,-0.0007032149052372779,-0.0002706208462432764,-0.0007535291660435799
청구금액_기본연회비_B0M,-0.0007032149052372779,-0.0002706208462432764,-0.0007535291660435799
평잔_할부_해외_6M,-0.0006969580853230468,-0.0002682130106198028,-0.000746824677477006
연체잔액_일시불_B0M,-0.0006699552860994739,-0.00025782142147342575,-0.0007178898573694405
연체잔액_할부_B0M,-0.0006660869924170013,-0.00025633277141480504,-0.0007137447914860425
할부금액_유이자_14M_R12M,-0.0005266692538834417,0.0009628456559487937,-0.00014559783729842075
증감_RP유형건수_전월,0.0005469031489131869,-0.0008834162812964201,0.00019301947207911877
IB문의건수_CS_R6M,-0.0006591977868940476,-0.0002536815724504451,-0.0007063626708091373
RV_평균잔액_R12M,0.0008213750005886575,-2.1830631871644742e-05,0.0007587332029403638
자발한도감액금액_R12M,-0.0006394659835613118,-0.00024608810809699104,-0.0006852190784318721
자발한도감액횟수_R12M,-0.0006119298353725343,-0.00023549126825514227,-0.0006557127488217101
평잔_할부_해외_3M,-0.000587857311560444,-0.00022622734805555187,-0.0006299178621411097
증감율_이용건수_신용_분기,0.0006981205141462117,6.645260410295003e-05,0.0006754203954001793
연회비발생카드수_B0M,-0.0004891147333812996,-0.0003600517153743178,-0.0005858438106933653
할부건수_유이자_12M_R12M,0.0005534651451067317,-0.0005081094775729766,0.0003339851751260928
증감율_이용건수_신판_분기,0.0006093786901974964,0.0001435538148679956,0.0006203002063381
증감율_이용금액_CA_분기,-0.0006447813162087278,-9.052096331965544e-05,-0.000634287108051949
증감율_이용건수_일시불_분기,0.0006544436203274977,4.788093404738208e-05,0.0006279849336214331
증감율_이용건수_일시불_전월,0.00048227454518535523,0.00029219152826135417,0.0005550789320696996
상향가능한도금액,-0.0005246440205494558,0.00038973490239187843,-0.000349616881652265
IB문의건수_SMS_R6M,-0.0004852520771393894,-0.00018674138841325865,-0.0005199713349142951
연체잔액_B0M,-0.0004822880715199164,-0.00018560073894317264,-0.0005167952579196886
포인트_잔여포인트_B0M,-0.00048010204634749826,-0.00018475948262498153,-0.0005144528250264252
연체잔액_CA_B0M,-0.0004539466534373962,-0.00017469400404865318,-0.00048642604223167213
제휴연회비_B0M,-0.00038240083578065006,-0.0001471607569927362,-0.00040976119922136897
청구금액_제휴연회비_B0M,-0.00038240083578065006,-0.0001471607569927362,-0.00040976119922136897
증감_RP건수_교통_전월,-0.0002738710914083598,-0.0002846342971387414,-0.00035786402403213707
IB문의건수_할부_R6M,-0.00036502259958678864,-0.00014047302476455343,-0.0003911395691491667
컨택건수_이용유도_당사앱_R6M,-0.00030644553200997944,-0.0001179305907518241,-0.0003283713761661075
잔액_할부_해외_B0M,-0.0002984131134084992,-0.00011483944478330662,-0.0003197642467595158
승인거절건수_B0M,-0.00015108083421935792,-0.00027803060218394303,-0.00024089317809823887
증감율_이용금액_신용_전월,-0.00033074564173286104,4.7001463580665974e-05,-0.0002917929483706663
자발한도감액후경과월,0.00026521488037835236,0.00010206364346069391,0.0002841907163023685
증감_RP건수_전월,0.00024423411063519753,0.00013002758227737243,0.0002746566665522277
승인거절건수_한도초과_B0M,-0.00013993275923702007,-0.00027699744637133043,-0.0002301176564132501
IB문의건수_CS_B0M,-0.00025213311306235346,-9.702933756772172e-05,-0.0002701729627780019
컨택건수_리볼빙_LMS_R6M,0.00016772446956350387,-0.0004280514980194184,2.7428686492177507e-06
이용건수_부분무이자_R12M,-0.00024267004401238454,-9.338762898728006e-05,-0.0002600328214412132
할부건수_부분_12M_R12M,-0.00024267004401238454,-9.338762898728006e-05,-0.0002600328214412132
연체잔액_현금서비스_B0M,-0.00023788112912563242,-9.154469279579071e-05,-0.00025490126490863385
IB문의건수_BL_R6M,-0.00022618228334169758,-8.704258181583891e-05,-0.00024236537944652287
IB문의건수_비밀번호_R6M,-0.00021152259612882554,-8.14010390532402e-05,-0.00022665680757521654
증감_RP건수_제휴사서비스직접판매_전월,-0.0001976782505046129,-7.607326727163843e-05,-0.00021182191409541934
증감율_이용건수_신용_전월,0.00014410372630237471,-0.00021650981908933576,5.6701401688561474e-05
IB문의건수_CL_RV_B0M,-0.00016690400370483163,-6.423029771937204e-05,-0.0001788458034441664
증감_RP건수_학습비_전월,-0.00014760316774951144,-5.68026841682333e-05,-0.0001581640136909891
증감율_이용건수_신판_전월,9.071442184683193e-05,-0.0002612131254327727,-9.187165107153774e-06
할부건수_14M_R12M,-0.00014522607559436276,-5.5887898821964e-05,-0.00015561684318039619
특별한도보유여부_R3M,-0.00014410317113275188,-5.5455767259611e-05,-0.00015441359612716868
할부건수_유이자_14M_R12M,-0.00014371833269920397,-5.530766843266014e-05,-0.0001540012229227064
방문횟수_모바일웹_B0M,-0.00014033648945794834,-5.400622093347668e-05,-0.00015037741247960653
방문일수_모바일웹_B0M,-0.00013627498678569672,-5.244321753011988e-05,-0.00014602531371344266
이용금액_카드론_B0M,-0.00013121072956180947,-5.049432030781072e-05,-0.00014059871439927365
이용건수_카드론_B0M,-0.00012862688670576536,-4.949997030882448e-05,-0.00013783000040003547
증감_RP건수_아파트_전월,0.00012773739885350537,4.91576653413093e-05,0.00013687687066046305
한도심사요청건수,-0.00012119294841524063,-4.663913977732423e-05,-0.00012986417191883747
IB문의건수_사용승인내역_B0M,-0.00011908500973836981,-4.582793378001867e-05,-0.00012760541252493994
할부금액_부분_14M_R12M,-0.00011614600363552214,-4.469690496829122e-05,-0.00012445612373546998
연체잔액_카드론_B0M,-0.00011577586174931962,-4.4554461869120614e-05,-0.00012405949860014442
교통_통행료이용금액,-0.0001145037248655609,-4.406490063050185e-05,-0.0001226963417075973
연체잔액_RV일시불_B0M,-0.00010703887172789235,-4.1192173021653396e-05,-0.00011469738645553862
한도심사요청후경과월,0.00010575601574338489,4.069848671103276e-05,0.00011332274352218612
컨택건수_카드론_청구서_B0M,-0.00010475443352113168,-4.031304404405731e-05,-0.00011224949918256498
한도요청거절건수,-0.0001014799605998306,-3.905291627031965e-05,-0.0001087407412889729
한도심사거절후경과월,9.297142042784425e-05,3.577854264077697e-05,9.962342433179352e-05
시장단기연체여부_R6M,-9.27896540799017e-05,-3.570859281098722e-05,-9.942865279954705e-05
컨택건수_이용유도_당사앱_B0M,-8.609107873503061e-05,-3.3130754777495356e-05,-9.225080168219515e-05
IB문의건수_포인트_R6M,-8.348596857237747e-05,-3.21282204006887e-05,-8.945929872385626e-05
승인거절건수_BL_B0M,-8.00949417175144e-05,-3.082323873682325e-05,-8.582564758971185e-05
유효카드수_체크_가족,-7.698080526931523e-05,-2.9624813853257613e-05,-8.248869806932393e-05
컨택건수_리볼빙_LMS_B0M,-6.625198267582367e-05,-2.549600055902171e-05,-7.099223990082803e-05
IB문의건수_부대서비스_R6M,-6.496540040347683e-05,-2.5000880247018784e-05,-6.961360406778973e-05
컨택건수_CA_LMS_B0M,-5.873216695187275e-05,-2.2602121490683383e-05,-6.293438954945537e-05
시장단기연체여부_R3M,-5.810676006660738e-05,-2.236144379845589e-05,-6.226423548249475e-05
이용가능카드수_체크_가족,-5.096295088915895e-05,-1.961226474862494e-05,-5.460929453660406e-05
컨택건수_리볼빙_TM_B0M,-4.2435095129409026e-05,-1.6330457828502084e-05,-4.54712799824025e-05
컨택건수_신용발급_TM_B0M,-3.182629040470517e-05,-1.2247831463710303e-05,-3.410342683056627e-05
연체잔액_대환론_B0M,-3.182476014257744e-05,-1.2247242567158598e-05,-3.410178707985875e-05
IB문의건수_카드발급_B0M,-2.905328924113736e-05,-1.1180686959344472e-05,-3.113202045301117e-05
할부건수_무이자_14M_R12M,-2.250457169979637e-05,-8.660519269980774e-06,-2.4114749301857147e-05
매각잔액_B1M,-1.2993015115125149e-05,-5.000151048447564e-06,-1.3922651199753817e-05
신청건수_ATM_CL_B0,-1.2993015115113206e-05,-5.000151048446953e-06,-1.3922651199759502e-05
컨택건수_부대서비스_TM_B0M,-1.299301511511307e-05,-5.000151048451458e-06,-1.3922651199747774e-05
시장연체상환여부_R6M,-1.2993015115112706e-05,-5.0001510484510945e-06,-1.3922651199747734e-05
할부금액_부분_6M_R12M,-1.299301511511231e-05,-5.000151048447905e-06,-1.3922651199750058e-05
