변수,6개,7개,8개,9개,10개,11개,12개,13개,14개,15개,16개,17개,18개,19개,20개,21개,22개,23개,24개,25개,26개,27개,28개,29개,30개,31개,32개,33개,34개,35개,36개,37개,38개,39개,40개,41개,42개,43개,44개,45개,46개,47개,48개,49개,50개
_2순위카드이용금액,1.620423126201498,1.6441611168058428,1.7010588764658183,1.7615070557442367,1.7630206732878178,1.7671989532753625,1.767650951378998,1.767886211457962,1.768455283026687,1.7686395651786704,1.7795994750828898,1.7803342316342747,2.5565862310625898,2.556654557279756,2.5618769515710813,2.569923984852719,2.570305608590833,2.570488935790523,2.5709116443841404,2.583711385153283,2.5838410013691897,2.5967145059827605,2.60393015438389,2.6040698700102296,2.60575984896392,2.9736229606548035,2.974655941268113,2.974740707076463,2.9750412990210124,2.975051911601616,2.9845688199666047,2.9849900426979934,2.9959610121453424,3.008238415871423,12.21799900384666,12.232260612256567,12.232561013740826,12.233784340230793,12.237000691892971,12.3592092643016,12.359279583155622,12.359690023152,12.36716750031358,12.378375004089634,12.378996869623151
쇼핑_도소매_이용금액,1.762938090702132,1.914629734719634,1.96564820815302,2.309213714057163,2.394959025784268,2.566134638712232,2.975845217489057,2.976312737513516,2.977533488453662,3.83795047110779,3.839371918280645,3.8491342462626585,3.866886065445166,3.8695585437901454,3.927910632531324,3.954613817977075,4.836577145748929,4.8841134995326,4.884463846929359,4.884510524607332,4.885028263829149,4.930657712515244,4.994896020315438,4.99770895313176,4.9994338196225785,5.125942978889134,5.144253590105792,5.146605410747072,5.154454246072743,5.154476976267648,5.1728790814739565,5.178426702658825,5.200906545198629,5.205184502497161,5.206151573740756,5.20690695913966,5.207222420674457,5.207252494286326,5.207352207931968,5.211155817705429,5.213104484983622,5.213880242288955,5.2138906290743545,5.214444775056748,5.21486590265534
_1순위교통업종_이용금액,2.016314087623118,2.054612563886959,2.159612986411108,2.1996931348095714,2.2042497439043185,2.2851364097132776,2.362286889208041,2.3666639854397284,2.3692016591832186,2.404277316147214,2.689680066829901,2.738779403832464,2.742044614050266,2.742729990353084,2.7440385916256056,2.744149837112909,2.75052929106588,2.750735633488176,2.750823749433319,2.754434460715556,2.756697991169362,2.766854906998927,2.7764771917380986,2.7841338789136554,2.784811168597786,2.7863632615457585,2.7880915949856413,2.788365765813206,2.791262339696795,2.791437718157355,2.791447109029569,2.79168333495484,2.799218034121974,2.8000720112556947,2.80829594406319,2.8086786999011437,2.809083742077147,2.8103069419867324,2.8108093008444195,2.812438873021429,2.812694841194433,2.812716562899191,2.8131366218966307,2.8131477485984795,2.813161789495115
연체입금원금_B0M,1.188976665654862,1.1953593564957188,1.1983383121358593,1.200752713717513,1.396401089716318,1.3964060868979031,1.403981537461448,1.448684257239688,1.452868276428298,1.453878262502395,1.454714090347665,1.470892701730543,1.4771325237805832,1.7529741806523096,1.7529744136776797,1.7594175526075384,1.7598919576549772,1.7675296639923572,2.478785042154903,2.75945896634509,2.7605946202786065,2.768800552512916,2.7847164941270885,2.785062528805727,3.4256546733584017,3.443658341910679,3.471568823379032,3.4786362803389173,3.5076653682481425,3.508177254419952,3.525347722347122,6.24458472909124,6.244630166128688,6.245820639578882,6.248681035918879,6.250813166598818,6.254196799249467,6.256064757338462,6.280989431666078,6.332182125036187,6.340183707322121,6.341289120049226,6.402735180524929,6.403558694261067,6.405371869663075
최대이용금액_일시불_R12M,1.6136866902635574,1.8274372408095605,1.8602607508501212,1.884983065113648,1.903891657164115,1.9796020969955288,2.3370630213457955,2.3410978431828204,2.579645479558065,2.593876920743271,2.59565354342364,2.6188475117313117,2.664963415614707,2.665168265326012,2.699268414386391,2.7085183331059084,2.708522971064027,4.103574433740765,4.103602176673859,4.103605410466202,4.192148250795708,4.235039641911311,4.235796530497115,4.365532479078512,4.3658137396476455,4.365830344962213,4.382050354081859,4.400644658517008,4.405815646950862,4.411803472293292,4.420359251304453,4.434067902658034,4.643141730709404,4.654756345092448,4.6569551616072085,4.659973641134157,4.665592087250166,4.667592479989955,4.667619728760129,4.669360976073367,4.669361672862303,4.669725989408211,4.67130965575874,4.671661809231598,4.671671944917825
잔액_일시불_B0M,1.604038439799795,1.640721891283047,1.7076574708017829,1.730464612851815,1.8355238941732777,1.8634126878846555,1.8744945801359716,1.8781024637184949,4.682109272013739,4.684273254792787,4.693295459584342,4.693311525273145,4.694049072561782,4.749299641756871,4.749335076574193,4.749535760844212,4.7501455568866175,4.97012033489264,4.97595827565622,4.983239419837132,5.258408777443939,5.260058584319943,5.30393662147159,11.966235078261612,11.969368572180205,11.974619627706652,11.99686833345068,12.023259588995296,12.023713169556556,12.027098426382436,12.032619894554552,12.034558808376056,12.095012984563654,12.12542906122757,12.15975296261695,12.177228844085468,12.177399196318625,12.185770804637452,12.189772472575727,12.192293563668072,12.198366587200915,12.199319984772488,12.201027279455234,12.202031789492803,12.20248304052278
정상입금원금_B5M,,2.1135726490272755,2.1846215915906013,2.236193960990498,2.853166992122282,2.859040480224025,2.918651809963183,4.372701782109616,4.413700218440432,4.417239268469474,4.419621176379458,4.4273016101628215,4.428215173872573,4.774595002724614,4.774759623363739,4.792465905104809,4.792715914363514,5.271900906203587,8.303327687361866,8.903803799150175,9.035559730955129,9.067542301372054,9.19229262142645,9.192602833647316,10.933375172900773,10.93897491519105,10.93900571946922,11.03186900942197,11.033684296284978,11.040523237682608,11.092576084913023,11.52790793218073,11.545451643952909,11.560471873414691,11.567939302225756,11.58373968185374,11.588111079150629,11.595393027682167,11.606067238580374,11.635263677188384,11.636696146840302,11.651157153054497,11.711774595136282,11.7301917686488,11.744095689968209
이용건수_신용_R12M,,,2.361722918203964,2.5365676203030056,2.536677940633978,2.780909666547521,2.805713809584792,2.809295863518402,2.80939267826146,2.992470281857194,3.027057383998554,3.1386842051524795,3.138699178789143,3.149246815314932,5.902898590526386,5.903091971610281,5.903973850860556,5.983121500270544,6.164031947929582,6.170969572446845,6.18003943694229,7.607792538166074,7.612843474743084,7.61843994944566,7.62467082603134,7.677566752001002,8.417018609237815,8.417223914765406,8.417232238636087,8.420433534065312,24.759527598096103,24.853307808205717,28.597128837234333,35.53738648309533,35.5836925198462,35.909438677808424,35.91617929094426,36.63510239653581,4773.45804027553,5138.276532317454,7723.302176651773,7723.31989917119,32361.14172623251,37250.62054079275,51709.64148324291
_1순위업종_이용금액,,,,2.679610528420006,2.726837220799463,2.8258507110205278,2.852855954891547,2.864967527412776,2.8668137421779463,3.277570537280029,3.285972837413804,3.3001362521214928,3.487739979398872,3.4936103259959466,3.493866312808721,3.4942081919249546,3.622747613967523,3.805965009022885,3.808722294585296,3.809729969699151,3.8384251618723817,3.8722253441779,3.88880533970054,3.888826011880253,3.8995794656503135,4.2808506775522055,4.303402405063727,4.303402510647997,4.304658538304363,4.305081063393889,4.310980469010018,4.311610179054189,4.329439119298532,4.330358723939296,4.338792922152569,4.3439660793298565,4.348657854531649,4.400405062190047,4.4388401926323535,4.5373306935364575,4.54561373934456,4.546186470745936,4.580968816634501,4.584642488493526,4.585649317214061
청구금액_B0,,,,,3.363058946054372,3.378605064362865,3.389987505824528,3.8789643990291673,3.915640988928201,3.918245535932951,3.9190466657527976,3.96808800508525,3.9741280634784535,6.380839288052979,6.384605691593404,6.428902965285073,6.429291279181404,6.588502955081688,6.713854763343974,9.810456353760683,10.029445521764345,10.038418281960103,10.183217932891557,10.189689205136556,10.2325963612334,10.26789903101457,10.278171454893194,17.49263944105336,18.473714356616025,18.4737658537056,18.474155029368237,18.753792212498567,18.80533046542912,18.807413289586584,18.808183232544952,18.85699856178052,18.857590797504493,18.88947768961644,18.89417818136817,18.89433345636176,18.904910670170555,18.910200199803143,18.917899849224323,18.930970522290032,18.931134801838144
_2순위업종_이용금액,,,,,,4.093194395688209,4.308514228209383,4.313971960593522,4.3271197869471045,4.493389951623825,5.352469426147598,5.373872638294085,5.406502934486306,5.425069380675294,5.756513701855847,5.768898438522734,5.80451904805812,5.892389174696672,5.892909278897063,5.897847434670819,5.903728136137312,5.903766673838248,5.935653241246468,5.939687991468503,5.939715684764585,6.007267203959262,6.021990634445114,6.022332642629667,6.026960252965544,6.045216356993839,6.048090695835965,6.049869952425029,6.07483125962016,6.08006954256795,6.080070614876985,6.080313951789852,6.081260290452471,6.085469438999702,6.087000125132936,6.090760661047857,6.090960303160953,6.090980594735816,6.091554983793662,6.091641132721438,6.091682269181779
이용금액_오프라인_R6M,,,,,,,5.134002578437933,5.331854761836847,5.332524834241718,5.332876873808385,5.563032587515132,6.174540351210982,6.3023564048952165,6.46524214589336,7.155932035483942,9.629046310752315,9.654160880032174,9.882235397635158,9.92363418601521,9.94615475369446,10.020452092053366,10.246867408063842,10.432462574248667,10.43299051263604,10.537720737733272,10.647904613587974,10.710691834623391,10.717545243289722,10.72858554893298,11.391667975780356,11.392732095284778,11.399911461651437,11.447204739544707,11.453463984496176,11.455884331172854,11.577405663045807,11.5815001184737,11.58228332444418,11.6126491430595,11.69398264987809,11.762872242631664,11.83417777316221,11.910977852607694,11.91500060324595,11.95464418196501
정상입금원금_B2M,,,,,,,,5.560527287712831,5.587732116068014,5.593411060700937,5.595813979693219,5.608846347193008,5.621807221991503,5.74350390556866,5.744145126957091,5.751164908091571,5.751675408039249,5.754998441352027,5.847272050542315,7.60706686847413,7.657294279234439,7.657920287718197,7.69805374920612,7.771821024197267,12.222767256570393,12.269877251342692,12.270331213399093,13.57104704730079,13.63707848487899,13.696123490851704,13.71564276655525,15.687120014964636,15.725732469427676,15.72575944690833,15.727886019210636,15.730064621742038,15.737624073124673,15.740934505029657,15.742047256603206,15.772221313259031,15.817432488017994,15.818612553965387,15.83962755074489,15.858692589566637,15.872973153867132
평잔_일시불_3M,,,,,,,,,5.619934415667927,5.622362699644901,5.62236276120575,5.6350600305227045,5.636709383527603,5.646217558839404,5.649114851301947,5.6549787367007,5.655872219109935,5.6739121807729,5.73967320184087,5.82935536882506,14.32141334050278,14.32960758682786,14.416511047709337,16.44931952292123,16.450974834836554,16.547457603584512,16.550793256316673,16.587661597132946,21.651306982167632,21.665921966781717,21.666498544504638,21.720326408684294,21.7708446629244,21.778653626271456,21.801101729202745,21.97639357957827,22.00651226564044,22.03312094355576,22.046226415537284,22.10661355276856,22.130753957119477,22.13322448649587,22.15893872602127,22.165537105027088,22.16586432998588
_3순위쇼핑업종_이용금액,,,,,,,,,,5.812632595975442,5.901817236078875,6.018103821289843,6.038118664185625,6.039071641670548,6.293945669234208,6.29491279614663,8.546382932200588,8.550098132977338,8.557707812719816,8.558729333799155,8.568365082467528,9.023700375103935,9.024388844853371,9.025454598873823,9.026736332986411,9.07530178279126,9.076052169925902,9.07782123630467,9.07791053731451,9.079396051830548,9.084471736470102,9.086768762832232,9.100095212505254,9.100207906559,9.101690199969,9.101988277723096,9.102384555606228,9.118464504679483,9.122775762565537,9.12293880688658,9.122965410846096,9.122976994505173,9.124720955068009,9.1248017691967,9.124814645205811
_3순위업종_이용금액,,,,,,,,,,,6.566904479140272,6.603300839327472,6.626461437477508,6.679616607703155,6.703933980750037,6.750691216060051,6.7621540594359,6.976919689204535,6.977363704458482,6.982880658817146,7.026474328930688,7.290460502077584,7.301945833088689,7.301971860180787,7.302299907470815,7.307435919262911,7.308212407331494,7.30836761086675,7.311210193854384,7.313595720030373,7.322432315159719,7.32260390054113,7.323667573751488,7.3253469782023855,7.337207440483235,7.337248383665582,7.337490740726819,7.337660786682021,7.33805784493255,7.338337485865181,7.338351164305947,7.338751800396135,7.338988432741839,7.339534762255187,7.339543174889939
이용금액_오프라인_B0M,,,,,,,,,,,,6.710723437470936,6.945136409681527,6.947794823293953,6.96513983986846,8.543201721499596,8.61469062114227,8.614759410096706,8.629062429525522,8.675090655376978,8.685653267729553,9.427411843590074,9.942942258694094,9.943078514519474,9.9437695748797,10.1009867021761,10.162225808479446,10.167052132961174,10.17019307632438,10.36264847823892,10.387505033806898,10.394932154097672,10.592171882516878,10.630665574697955,10.632318914283768,10.632377243409197,10.63311000467684,10.933575129106757,11.007340921671744,11.010293547071145,11.013598593202872,11.0135986124016,11.013685418817,11.013726159707046,11.015061674917838
이용금액_R3M_신용체크,,,,,,,,,,,,,7.044404163015421,7.060282730317171,7.130488235621165,7.181961583964128,7.191696535512889,7.318101970985431,7.318151659324903,7.410810732343871,7.417444866917604,7.432394673435438,7.63105993844994,7.633376806269282,7.641343182720725,8.724286069583979,8.724496304780015,8.724583122035906,8.725504378641954,8.725570271857949,8.737558315806684,8.753219140798072,8.767260305421964,8.767364393764328,9.688734867897844,9.688920608478067,9.690196670688604,9.690436897263446,9.691440286319905,9.694524697025738,9.694577400950823,9.694660414597498,9.695486492215547,9.695486850171813,9.695487704582918
청구금액_R6M,,,,,,,,,,,,,,7.878219415574986,7.880011648886258,7.9924499974187935,7.998204966626578,7.998632589157149,8.471253938763846,8.674690832825728,8.978689530668676,8.978953023362315,8.984294331406323,9.004243918245445,9.196891779838891,9.209004469394698,9.228096954098593,12.757672553461004,12.849425062806125,12.850292986888824,12.859085729912469,12.872568249614217,12.893575603544392,12.893652447496688,12.90509845404673,12.959995054553884,12.987553976435976,13.00574317781177,13.04053806753535,13.076805461065517,13.0909142008172,13.106670669312177,13.17734586169175,13.18088328824964,13.191937737803883
이용건수_오프라인_R6M,,,,,,,,,,,,,,,8.420650093226017,8.425714005982268,8.428308328216826,8.428464317687688,8.545250757514722,8.568259340443625,8.569236113419455,10.82366698622729,10.832111936565264,10.846043785572784,10.84850290762781,10.95317721552295,12.779144081214044,12.798950468984282,12.80125373868554,22.083646509597944,22.299322262775306,22.30725192180225,22.683994716107534,23.355248428859674,23.357932042530987,23.4686473608762,23.93685467938585,23.947923624052915,23.956664561895582,23.96014822592958,23.972956428011944,23.99327890046632,24.00414278240929,24.00879988703758,24.010448125857
이용금액_오프라인_R3M,,,,,,,,,,,,,,,,10.595831818303328,10.596309630501228,10.59770647709103,10.605327452965142,10.69900759164332,10.812087456303471,10.842182271902551,10.858133038129072,10.858235637712133,10.858337931657289,11.082218741291586,11.084279081909266,11.12088946221318,11.14397331646034,12.917488321043896,12.929665443495074,12.930360921749742,12.936340779695048,12.944797074298284,12.952068927849474,13.00277266345808,13.003145699768716,13.003179202426727,13.012598909585703,13.039040981846773,13.040271743422792,13.11398312599004,13.125801408419669,13.133119766784503,13.155217730512568
_2순위쇼핑업종_이용금액,,,,,,,,,,,,,,,,,10.64041283975464,10.645763148682867,10.659419141819086,10.66118164371248,10.661604592738373,10.690994161793387,10.695208054149006,10.69646612657354,10.702683445477463,10.72378111113994,10.7239309328789,10.723932300074395,10.724175059267647,10.727810153010024,10.735680362040736,10.7456226124235,10.76367615847389,10.764187124968911,10.764207165212994,10.764506220531034,10.765959457998452,10.82436526205434,10.89983527253986,10.915555524732524,10.925244238432049,10.92572064220945,10.937995064819582,10.938790889551958,10.939366756188171
이용금액_일시불_R12M,,,,,,,,,,,,,,,,,,11.650229689568222,11.88564412847946,11.937752279883128,12.19636452895134,12.465715844018789,14.85853124590403,15.660160782768155,15.710411895548004,16.110100933363512,16.1591315467291,16.176516501356524,16.285254562706218,16.29249111906888,16.506287761091954,16.584716477592277,21.705843708499188,21.70785252874612,21.735831681462308,21.810341538197683,21.92197137882549,22.4329458093409,23.100033365829987,23.26651420989708,23.435523351469115,23.43628186084615,23.44506859138506,23.47405970406141,23.479043260000758
정상청구원금_B5M,,,,,,,,,,,,,,,,,,,12.051069044704,12.062062375031426,12.067010646880991,12.1458232709479,12.15971263089926,12.159754911232596,16.85504058105247,16.863908048781532,16.90500664135359,16.928477005569654,16.957294800155967,16.973569983457026,17.877804891084118,19.100531790707816,19.158869048624226,19.24855949763432,19.275452792812285,19.452081723150886,19.49721462766988,19.526710944077813,19.839047476211523,19.91068387578794,19.93998579065168,19.97523970214341,20.210460214686893,20.242844938137512,20.24294106943072
정상입금원금_B0M,,,,,,,,,,,,,,,,,,,,13.190480525629589,13.203636838581447,13.255510638388424,13.446255778711931,13.543189818449685,13.55813142298041,13.79955319718058,13.870081374869766,14.22544112034878,14.326524230305983,14.329306824290107,14.40866924814689,28.910552846905755,28.91114081835484,28.9136953161232,28.925558038834023,28.92587933317088,28.951270732741158,29.11667322144504,29.2366388194098,29.2543634670757,29.390911691762454,29.41286505026389,29.479439012892872,29.57584845595332,29.58556293139412
평잔_일시불_6M,,,,,,,,,,,,,,,,,,,,,15.46818483021301,15.468532711945102,15.496598859289971,15.59913643481068,15.635979712203891,15.661519774842375,15.666938373728629,15.711187276838006,15.736819745766509,15.747488062715371,15.84417192824709,15.853478451118413,15.948388238285888,15.95178623114932,15.952751304397372,16.000872328301032,16.021767504097927,16.034948900861405,16.035733247397594,16.036955157371185,16.045790468804075,16.06272152431366,16.06344605797817,16.069499746759238,16.06990601664634
이용가맹점수,,,,,,,,,,,,,,,,,,,,,,16.143554021931095,16.78844041181974,16.818649815447344,16.829353822095722,16.933914644320357,23.817082537040783,23.8458664808267,23.870053844545417,23.947972561334044,24.397958623182102,24.460825522596075,24.639194118413283,24.78590451587244,24.8028875083596,25.00038507824721,25.01156261689985,25.01650604301721,25.041615928023443,25.045618296266134,25.062473169853096,25.06986900750811,25.07674025635139,25.08444210986408,25.084442467031487
이용금액_일시불_R6M,,,,,,,,,,,,,,,,,,,,,,,17.462799848615536,17.572650128693844,17.83524193568546,19.21555646239859,19.234682319634143,19.28007029399844,19.295874587156423,19.302152336981116,19.332886068560494,19.55606003225168,35.89599446974486,40.19398152531989,40.43230750993372,63.0804043402738,64.80097154635531,65.41721943905917,66.05878225696286,66.06199589328085,66.10554503743805,66.15997342279493,66.21685249455936,66.21923161819491,66.2214482284675
월중평잔_일시불_B0M,,,,,,,,,,,,,,,,,,,,,,,,20.198654461675677,20.2021378067962,20.203606665019954,20.203662887361617,20.21607564964325,29.35198581265272,29.355752790471964,29.361122625266784,29.362061853722217,29.37642378596467,29.4199947392983,29.42479253579308,29.43689164221309,29.45797577109669,29.463240059288957,29.47642603155194,29.48340002951181,29.48892998056877,29.48902611828081,29.489030003471257,29.489141009689725,29.489577346275265
정상청구원금_B2M,,,,,,,,,,,,,,,,,,,,,,,,,21.56291346125582,21.65465812518697,21.689505368065813,21.830750105290324,21.84439838287929,21.853444950196156,21.923234088560264,28.797728834449615,29.066268066522102,29.141176479281,29.166166996396832,29.336376620970142,29.37464579722299,29.523593645033984,29.613830599457604,29.684984585792392,30.060729401407944,30.169147932177893,30.31623366901064,30.335319201097036,30.34524611699446
_1순위카드이용금액,,,,,,,,,,,,,,,,,,,,,,,,,,24.104052961444573,24.128066098863663,24.15606579139278,24.16258922116852,24.162829659951683,24.352599597767217,24.766531810364462,24.91445890451585,24.93725841630505,49.07374275665137,49.25959948807961,49.45961861495382,49.65307110148248,50.2832936191197,50.9139507377398,51.02828630460862,51.09155271147039,51.49897821354477,51.644018521576015,51.66561346800795
이용건수_오프라인_B0M,,,,,,,,,,,,,,,,,,,,,,,,,,,24.413977538286115,24.415734223878435,24.48418861341919,30.227892543666535,32.492479973413964,32.51490043212456,36.03621312060925,36.03831449371032,36.05174028281128,36.26674018038102,36.58546960036947,36.59468193182673,36.59819372880454,36.60746453033172,36.60769460322493,36.61240825803146,36.6290297882906,36.63089904521815,36.63120609408765
청구금액_R3M,,,,,,,,,,,,,,,,,,,,,,,,,,,,25.650381245994303,26.106320966679007,26.108865473343798,26.112056355847265,26.112141099230644,26.114545086502694,26.12228324209253,26.12406263383367,26.296270379161207,26.354132699992103,26.35452621308101,26.37712383296517,26.413194278246724,26.41372077703179,26.417732458108752,26.421272830576616,26.42688913347759,26.42774440716886
월중평잔_일시불,,,,,,,,,,,,,,,,,,,,,,,,,,,,,30.27722888974596,30.28654450850013,30.311035075596266,30.349740289302485,30.554220427938272,30.57669221510301,30.62945114311921,30.64820274903056,30.67490895847388,30.67579768521536,30.67590587116608,30.70312601167327,30.70722708043208,30.71831467270228,30.71842318891853,30.71842602774716,30.720181154665116
이용건수_오프라인_R3M,,,,,,,,,,,,,,,,,,,,,,,,,,,,,,32.797123226413866,32.88836909754205,32.88838730228361,32.888466715711274,32.89484488646334,32.894907951013344,33.34236724895252,36.336700961424654,36.44233686515403,36.443558771262815,36.44489199108486,36.51104042149733,36.60281067517072,36.60413219890338,36.63117014176563,36.63254397255516
이용건수_일시불_B0M,,,,,,,,,,,,,,,,,,,,,,,,,,,,,,,33.01198530243969,33.20092191901426,35.83911329431684,63.95861251368008,63.98735301470246,64.46138385454556,105.40024506929208,2503.765747621921,4670.7682672084575,7618.400141926683,9821.461064035497,12511.72821344628,13875.031623001909,16390.64705386023,16401.171148634356
정상청구원금_B0M,,,,,,,,,,,,,,,,,,,,,,,,,,,,,,,,52.17821512607651,52.42954488924233,52.43435588944421,52.60676407005261,53.06862971380195,53.13239776244955,54.00010670298533,54.03054773045898,54.549082818373776,54.578541617347625,54.78055980648814,54.78211045364576,54.98368170371463,54.98383523257736
이용금액_일시불_B0M,,,,,,,,,,,,,,,,,,,,,,,,,,,,,,,,,56.34185548999466,60.389247200842966,60.52237200488648,72.77321433275414,73.47451139658062,73.48536643161681,73.67328908055411,73.67911442654984,73.78237598125033,73.81801994410243,73.84246305216286,73.84668046747186,73.84914684515591
이용건수_일시불_R6M,,,,,,,,,,,,,,,,,,,,,,,,,,,,,,,,,,73.59909099385574,73.73290739798436,73.78449677652809,96.65693910706418,98.00496705875176,98.23034555658958,98.23041588160164,12157.114818085936,17888.59140240638,17929.49152254152,18145.84869486944,22957.82893247859
이용금액_R3M_신용,,,,,,,,,,,,,,,,,,,,,,,,,,,,,,,,,,,83.21579454873542,83.45267719145322,83.45679170231904,83.45697353015642,83.5595787758822,85.07426813009447,85.07641599054008,85.10091273514398,85.29285826610135,85.4537396587772,85.46264139023639
이용금액_일시불_R3M,,,,,,,,,,,,,,,,,,,,,,,,,,,,,,,,,,,,86.4150465014378,88.71023655742653,89.97481595529986,90.01777565368096,90.19310797388,90.75064984182016,91.043198487159,91.08613979950586,91.27829230455689,91.3082131319826
이용건수_신용_R3M,,,,,,,,,,,,,,,,,,,,,,,,,,,,,,,,,,,,,134.22726763172273,137.738880421473,137.80007733675885,137.97017167186016,139.44348157348946,20602.53461767993,20699.007005318137,45632.49920802743,60644.051130107575
이용건수_신용_B0M,,,,,,,,,,,,,,,,,,,,,,,,,,,,,,,,,,,,,,2564.6241356869537,4632.995562465834,6852.993063989975,8573.602143344962,12788.96788753548,17487.17685847511,26757.12115196508,26862.24255269809
이용건수_일시불_R12M,,,,,,,,,,,,,,,,,,,,,,,,,,,,,,,,,,,,,,,4881.346858680079,5230.342880553167,7780.264424738578,7780.264854122177,8553.839225783291,8752.018434160642,9200.463289142734
이용건수_신판_B0M,,,,,,,,,,,,,,,,,,,,,,,,,,,,,,,,,,,,,,,,10271.53226947096,10297.976308899284,10482.057779728317,21555.293418335685,42993.79609501563,43172.2361615611
이용건수_신용_R6M,,,,,,,,,,,,,,,,,,,,,,,,,,,,,,,,,,,,,,,,,12333.79249010046,18018.861842031554,18058.273696980224,18265.5865185406,84945.88761275503
이용건수_일시불_R3M,,,,,,,,,,,,,,,,,,,,,,,,,,,,,,,,,,,,,,,,,,20672.45914948443,20766.15509101442,29544.162231451854,31659.71670693717
이용건수_신판_R12M,,,,,,,,,,,,,,,,,,,,,,,,,,,,,,,,,,,,,,,,,,,34029.977943294565,41112.8994921343,61151.42000452886
이용건수_신판_R3M,,,,,,,,,,,,,,,,,,,,,,,,,,,,,,,,,,,,,,,,,,,,63224.24822557488,91751.64869363746
이용건수_신판_R6M,,,,,,,,,,,,,,,,,,,,,,,,,,,,,,,,,,,,,,,,,,,,,107585.33662453645
